-1.162500000000000089e+00 -1.978000000000000036e-01
-1.159799999999999942e+00 -1.978000000000000036e-01
-1.157100000000000017e+00 -1.978000000000000036e-01
-1.154399999999999871e+00 -1.978000000000000036e-01
-1.151699999999999946e+00 -1.978000000000000036e-01
-1.162500000000000089e+00 -1.956000000000000238e-01
-1.159799999999999942e+00 -1.956000000000000238e-01
-1.157100000000000017e+00 -1.956000000000000238e-01
-1.154399999999999871e+00 -1.956000000000000238e-01
-1.151699999999999946e+00 -1.956000000000000238e-01
-1.162500000000000089e+00 -1.934000000000000163e-01
-1.159799999999999942e+00 -1.934000000000000163e-01
-1.157100000000000017e+00 -1.934000000000000163e-01
-1.154399999999999871e+00 -1.934000000000000163e-01
-1.151699999999999946e+00 -1.934000000000000163e-01
-1.162500000000000089e+00 -1.912000000000000088e-01
-1.159799999999999942e+00 -1.912000000000000088e-01
-1.157100000000000017e+00 -1.912000000000000088e-01
-1.154399999999999871e+00 -1.912000000000000088e-01
-1.151699999999999946e+00 -1.912000000000000088e-01
-1.162500000000000089e+00 -1.890000000000000013e-01
-1.159799999999999942e+00 -1.890000000000000013e-01
-1.157100000000000017e+00 -1.890000000000000013e-01
-1.154399999999999871e+00 -1.890000000000000013e-01
-1.151699999999999946e+00 -1.890000000000000013e-01
-1.162500000000000089e+00 -1.868000000000000216e-01
-1.159799999999999942e+00 -1.868000000000000216e-01
-1.157100000000000017e+00 -1.868000000000000216e-01
-1.154399999999999871e+00 -1.868000000000000216e-01
-1.151699999999999946e+00 -1.868000000000000216e-01
-1.162500000000000089e+00 -1.846000000000000141e-01
-1.159799999999999942e+00 -1.846000000000000141e-01
-1.157100000000000017e+00 -1.846000000000000141e-01
-1.154399999999999871e+00 -1.846000000000000141e-01
-1.151699999999999946e+00 -1.846000000000000141e-01
-1.162500000000000089e+00 -1.824000000000000066e-01
-1.159799999999999942e+00 -1.824000000000000066e-01
-1.157100000000000017e+00 -1.824000000000000066e-01
-1.154399999999999871e+00 -1.824000000000000066e-01
-1.151699999999999946e+00 -1.824000000000000066e-01
-1.149000000000000021e+00 -1.824000000000000066e-01
-1.162500000000000089e+00 -1.801999999999999991e-01
-1.159799999999999942e+00 -1.801999999999999991e-01
-1.157100000000000017e+00 -1.801999999999999991e-01
-1.154399999999999871e+00 -1.801999999999999991e-01
-1.151699999999999946e+00 -1.801999999999999991e-01
-1.149000000000000021e+00 -1.801999999999999991e-01
-1.162500000000000089e+00 -1.780000000000000193e-01
-1.159799999999999942e+00 -1.780000000000000193e-01
-1.157100000000000017e+00 -1.780000000000000193e-01
-1.154399999999999871e+00 -1.780000000000000193e-01
-1.151699999999999946e+00 -1.780000000000000193e-01
-1.149000000000000021e+00 -1.780000000000000193e-01
-1.159799999999999942e+00 -1.758000000000000118e-01
-1.157100000000000017e+00 -1.758000000000000118e-01
-1.154399999999999871e+00 -1.758000000000000118e-01
-1.151699999999999946e+00 -1.758000000000000118e-01
-1.149000000000000021e+00 -1.758000000000000118e-01
-1.159799999999999942e+00 -1.736000000000000043e-01
-1.157100000000000017e+00 -1.736000000000000043e-01
-1.154399999999999871e+00 -1.736000000000000043e-01
-1.151699999999999946e+00 -1.736000000000000043e-01
-1.149000000000000021e+00 -1.736000000000000043e-01
-1.159799999999999942e+00 -1.713999999999999968e-01
-1.157100000000000017e+00 -1.713999999999999968e-01
-1.154399999999999871e+00 -1.713999999999999968e-01
-1.151699999999999946e+00 -1.713999999999999968e-01
-1.149000000000000021e+00 -1.713999999999999968e-01
-1.159799999999999942e+00 -1.692000000000000171e-01
-1.157100000000000017e+00 -1.692000000000000171e-01
-1.154399999999999871e+00 -1.692000000000000171e-01
-1.151699999999999946e+00 -1.692000000000000171e-01
-1.149000000000000021e+00 -1.692000000000000171e-01
-1.159799999999999942e+00 -1.670000000000000095e-01
-1.157100000000000017e+00 -1.670000000000000095e-01
-1.154399999999999871e+00 -1.670000000000000095e-01
-1.151699999999999946e+00 -1.670000000000000095e-01
-1.149000000000000021e+00 -1.670000000000000095e-01
-1.146300000000000097e+00 -1.670000000000000095e-01
-1.157100000000000017e+00 -1.648000000000000020e-01
-1.154399999999999871e+00 -1.648000000000000020e-01
-1.151699999999999946e+00 -1.648000000000000020e-01
-1.149000000000000021e+00 -1.648000000000000020e-01
-1.146300000000000097e+00 -1.648000000000000020e-01
-1.157100000000000017e+00 -1.626000000000000223e-01
-1.154399999999999871e+00 -1.626000000000000223e-01
-1.151699999999999946e+00 -1.626000000000000223e-01
-1.149000000000000021e+00 -1.626000000000000223e-01
-1.146300000000000097e+00 -1.626000000000000223e-01
-1.157100000000000017e+00 -1.604000000000000148e-01
-1.154399999999999871e+00 -1.604000000000000148e-01
-1.151699999999999946e+00 -1.604000000000000148e-01
-1.149000000000000021e+00 -1.604000000000000148e-01
-1.146300000000000097e+00 -1.604000000000000148e-01
-1.157100000000000017e+00 -1.582000000000000073e-01
-1.154399999999999871e+00 -1.582000000000000073e-01
-1.151699999999999946e+00 -1.582000000000000073e-01
-1.149000000000000021e+00 -1.582000000000000073e-01
-1.146300000000000097e+00 -1.582000000000000073e-01
-1.143599999999999950e+00 -1.582000000000000073e-01
-1.157100000000000017e+00 -1.559999999999999998e-01
-1.154399999999999871e+00 -1.559999999999999998e-01
-1.151699999999999946e+00 -1.559999999999999998e-01
-1.149000000000000021e+00 -1.559999999999999998e-01
-1.146300000000000097e+00 -1.559999999999999998e-01
-1.143599999999999950e+00 -1.559999999999999998e-01
-1.154399999999999871e+00 -1.537999999999999923e-01
-1.151699999999999946e+00 -1.537999999999999923e-01
-1.149000000000000021e+00 -1.537999999999999923e-01
-1.146300000000000097e+00 -1.537999999999999923e-01
-1.143599999999999950e+00 -1.537999999999999923e-01
-1.154399999999999871e+00 -1.516000000000000125e-01
-1.151699999999999946e+00 -1.516000000000000125e-01
-1.149000000000000021e+00 -1.516000000000000125e-01
-1.146300000000000097e+00 -1.516000000000000125e-01
-1.143599999999999950e+00 -1.516000000000000125e-01
-1.154399999999999871e+00 -1.494000000000000050e-01
-1.151699999999999946e+00 -1.494000000000000050e-01
-1.149000000000000021e+00 -1.494000000000000050e-01
-1.146300000000000097e+00 -1.494000000000000050e-01
-1.143599999999999950e+00 -1.494000000000000050e-01
-1.140900000000000025e+00 -1.494000000000000050e-01
-1.154399999999999871e+00 -1.471999999999999975e-01
-1.151699999999999946e+00 -1.471999999999999975e-01
-1.149000000000000021e+00 -1.471999999999999975e-01
-1.146300000000000097e+00 -1.471999999999999975e-01
-1.143599999999999950e+00 -1.471999999999999975e-01
-1.140900000000000025e+00 -1.471999999999999975e-01
-1.151699999999999946e+00 -1.450000000000000178e-01
-1.149000000000000021e+00 -1.450000000000000178e-01
-1.146300000000000097e+00 -1.450000000000000178e-01
-1.143599999999999950e+00 -1.450000000000000178e-01
-1.140900000000000025e+00 -1.450000000000000178e-01
-1.151699999999999946e+00 -1.428000000000000103e-01
-1.149000000000000021e+00 -1.428000000000000103e-01
-1.146300000000000097e+00 -1.428000000000000103e-01
-1.143599999999999950e+00 -1.428000000000000103e-01
-1.140900000000000025e+00 -1.428000000000000103e-01
-1.151699999999999946e+00 -1.406000000000000028e-01
-1.149000000000000021e+00 -1.406000000000000028e-01
-1.146300000000000097e+00 -1.406000000000000028e-01
-1.143599999999999950e+00 -1.406000000000000028e-01
-1.140900000000000025e+00 -1.406000000000000028e-01
-1.138199999999999878e+00 -1.406000000000000028e-01
-1.149000000000000021e+00 -1.384000000000000230e-01
-1.146300000000000097e+00 -1.384000000000000230e-01
-1.143599999999999950e+00 -1.384000000000000230e-01
-1.140900000000000025e+00 -1.384000000000000230e-01
-1.138199999999999878e+00 -1.384000000000000230e-01
-1.149000000000000021e+00 -1.361999999999999877e-01
-1.146300000000000097e+00 -1.361999999999999877e-01
-1.143599999999999950e+00 -1.361999999999999877e-01
-1.140900000000000025e+00 -1.361999999999999877e-01
-1.138199999999999878e+00 -1.361999999999999877e-01
-1.149000000000000021e+00 -1.340000000000000080e-01
-1.146300000000000097e+00 -1.340000000000000080e-01
-1.143599999999999950e+00 -1.340000000000000080e-01
-1.140900000000000025e+00 -1.340000000000000080e-01
-1.138199999999999878e+00 -1.340000000000000080e-01
-1.146300000000000097e+00 -1.318000000000000005e-01
-1.143599999999999950e+00 -1.318000000000000005e-01
-1.140900000000000025e+00 -1.318000000000000005e-01
-1.138199999999999878e+00 -1.318000000000000005e-01
-1.135499999999999954e+00 -1.318000000000000005e-01
-1.146300000000000097e+00 -1.295999999999999930e-01
-1.143599999999999950e+00 -1.295999999999999930e-01
-1.140900000000000025e+00 -1.295999999999999930e-01
-1.138199999999999878e+00 -1.295999999999999930e-01
-1.135499999999999954e+00 -1.295999999999999930e-01
-1.146300000000000097e+00 -1.274000000000000132e-01
-1.143599999999999950e+00 -1.274000000000000132e-01
-1.140900000000000025e+00 -1.274000000000000132e-01
-1.138199999999999878e+00 -1.274000000000000132e-01
-1.135499999999999954e+00 -1.274000000000000132e-01
-1.143599999999999950e+00 -1.252000000000000057e-01
-1.140900000000000025e+00 -1.252000000000000057e-01
-1.138199999999999878e+00 -1.252000000000000057e-01
-1.135499999999999954e+00 -1.252000000000000057e-01
-1.132800000000000029e+00 -1.252000000000000057e-01
-1.143599999999999950e+00 -1.230000000000000121e-01
-1.140900000000000025e+00 -1.230000000000000121e-01
-1.138199999999999878e+00 -1.230000000000000121e-01
-1.135499999999999954e+00 -1.230000000000000121e-01
-1.132800000000000029e+00 -1.230000000000000121e-01
-1.143599999999999950e+00 -1.208000000000000046e-01
-1.140900000000000025e+00 -1.208000000000000046e-01
-1.138199999999999878e+00 -1.208000000000000046e-01
-1.135499999999999954e+00 -1.208000000000000046e-01
-1.132800000000000029e+00 -1.208000000000000046e-01
-1.140900000000000025e+00 -1.186000000000000110e-01
-1.138199999999999878e+00 -1.186000000000000110e-01
-1.135499999999999954e+00 -1.186000000000000110e-01
-1.132800000000000029e+00 -1.186000000000000110e-01
-1.130100000000000104e+00 -1.186000000000000110e-01
-1.140900000000000025e+00 -1.164000000000000035e-01
-1.138199999999999878e+00 -1.164000000000000035e-01
-1.135499999999999954e+00 -1.164000000000000035e-01
-1.132800000000000029e+00 -1.164000000000000035e-01
-1.130100000000000104e+00 -1.164000000000000035e-01
-1.140900000000000025e+00 -1.142000000000000098e-01
-1.138199999999999878e+00 -1.142000000000000098e-01
-1.135499999999999954e+00 -1.142000000000000098e-01
-1.132800000000000029e+00 -1.142000000000000098e-01
-1.130100000000000104e+00 -1.142000000000000098e-01
-1.138199999999999878e+00 -1.120000000000000023e-01
-1.135499999999999954e+00 -1.120000000000000023e-01
-1.132800000000000029e+00 -1.120000000000000023e-01
-1.130100000000000104e+00 -1.120000000000000023e-01
-1.127399999999999958e+00 -1.120000000000000023e-01
-1.138199999999999878e+00 -1.098000000000000087e-01
-1.135499999999999954e+00 -1.098000000000000087e-01
-1.132800000000000029e+00 -1.098000000000000087e-01
-1.130100000000000104e+00 -1.098000000000000087e-01
-1.127399999999999958e+00 -1.098000000000000087e-01
-1.138199999999999878e+00 -1.076000000000000012e-01
-1.135499999999999954e+00 -1.076000000000000012e-01
-1.132800000000000029e+00 -1.076000000000000012e-01
-1.130100000000000104e+00 -1.076000000000000012e-01
-1.127399999999999958e+00 -1.076000000000000012e-01
-1.135499999999999954e+00 -1.054000000000000076e-01
-1.132800000000000029e+00 -1.054000000000000076e-01
-1.130100000000000104e+00 -1.054000000000000076e-01
-1.127399999999999958e+00 -1.054000000000000076e-01
-1.124700000000000033e+00 -1.054000000000000076e-01
-1.135499999999999954e+00 -1.032000000000000001e-01
-1.132800000000000029e+00 -1.032000000000000001e-01
-1.130100000000000104e+00 -1.032000000000000001e-01
-1.127399999999999958e+00 -1.032000000000000001e-01
-1.124700000000000033e+00 -1.032000000000000001e-01
-1.135499999999999954e+00 -1.010000000000000064e-01
-1.132800000000000029e+00 -1.010000000000000064e-01
-1.130100000000000104e+00 -1.010000000000000064e-01
-1.127399999999999958e+00 -1.010000000000000064e-01
-1.124700000000000033e+00 -1.010000000000000064e-01
-1.132800000000000029e+00 -9.879999999999999893e-02
-1.130100000000000104e+00 -9.879999999999999893e-02
-1.127399999999999958e+00 -9.879999999999999893e-02
-1.124700000000000033e+00 -9.879999999999999893e-02
-1.121999999999999886e+00 -9.879999999999999893e-02
-1.132800000000000029e+00 -9.660000000000000531e-02
-1.130100000000000104e+00 -9.660000000000000531e-02
-1.127399999999999958e+00 -9.660000000000000531e-02
-1.124700000000000033e+00 -9.660000000000000531e-02
-1.121999999999999886e+00 -9.660000000000000531e-02
-1.132800000000000029e+00 -9.440000000000001168e-02
-1.130100000000000104e+00 -9.440000000000001168e-02
-1.127399999999999958e+00 -9.440000000000001168e-02
-1.124700000000000033e+00 -9.440000000000001168e-02
-1.121999999999999886e+00 -9.440000000000001168e-02
-1.130100000000000104e+00 -9.220000000000000417e-02
-1.127399999999999958e+00 -9.220000000000000417e-02
-1.124700000000000033e+00 -9.220000000000000417e-02
-1.121999999999999886e+00 -9.220000000000000417e-02
-1.119299999999999962e+00 -9.220000000000000417e-02
-1.130100000000000104e+00 -9.000000000000001055e-02
-1.127399999999999958e+00 -9.000000000000001055e-02
-1.124700000000000033e+00 -9.000000000000001055e-02
-1.121999999999999886e+00 -9.000000000000001055e-02
-1.119299999999999962e+00 -9.000000000000001055e-02
-1.127399999999999958e+00 -8.780000000000000304e-02
-1.124700000000000033e+00 -8.780000000000000304e-02
-1.121999999999999886e+00 -8.780000000000000304e-02
-1.119299999999999962e+00 -8.780000000000000304e-02
-1.116600000000000037e+00 -8.780000000000000304e-02
-1.127399999999999958e+00 -8.560000000000000941e-02
-1.124700000000000033e+00 -8.560000000000000941e-02
-1.121999999999999886e+00 -8.560000000000000941e-02
-1.119299999999999962e+00 -8.560000000000000941e-02
-1.116600000000000037e+00 -8.560000000000000941e-02
-1.127399999999999958e+00 -8.340000000000000191e-02
-1.124700000000000033e+00 -8.340000000000000191e-02
-1.121999999999999886e+00 -8.340000000000000191e-02
-1.119299999999999962e+00 -8.340000000000000191e-02
-1.116600000000000037e+00 -8.340000000000000191e-02
-1.124700000000000033e+00 -8.120000000000000828e-02
-1.121999999999999886e+00 -8.120000000000000828e-02
-1.119299999999999962e+00 -8.120000000000000828e-02
-1.116600000000000037e+00 -8.120000000000000828e-02
-1.113900000000000112e+00 -8.120000000000000828e-02
-1.124700000000000033e+00 -7.900000000000000078e-02
-1.121999999999999886e+00 -7.900000000000000078e-02
-1.119299999999999962e+00 -7.900000000000000078e-02
-1.116600000000000037e+00 -7.900000000000000078e-02
-1.113900000000000112e+00 -7.900000000000000078e-02
-1.124700000000000033e+00 -7.680000000000000715e-02
-1.121999999999999886e+00 -7.680000000000000715e-02
-1.119299999999999962e+00 -7.680000000000000715e-02
-1.116600000000000037e+00 -7.680000000000000715e-02
-1.113900000000000112e+00 -7.680000000000000715e-02
-1.121999999999999886e+00 -7.459999999999999964e-02
-1.119299999999999962e+00 -7.459999999999999964e-02
-1.116600000000000037e+00 -7.459999999999999964e-02
-1.113900000000000112e+00 -7.459999999999999964e-02
-1.111199999999999966e+00 -7.459999999999999964e-02
-1.121999999999999886e+00 -7.239999999999999214e-02
-1.119299999999999962e+00 -7.239999999999999214e-02
-1.116600000000000037e+00 -7.239999999999999214e-02
-1.113900000000000112e+00 -7.239999999999999214e-02
-1.111199999999999966e+00 -7.239999999999999214e-02
-1.119299999999999962e+00 -7.020000000000001239e-02
-1.116600000000000037e+00 -7.020000000000001239e-02
-1.113900000000000112e+00 -7.020000000000001239e-02
-1.111199999999999966e+00 -7.020000000000001239e-02
-1.108500000000000041e+00 -7.020000000000001239e-02
-1.119299999999999962e+00 -6.800000000000000488e-02
-1.116600000000000037e+00 -6.800000000000000488e-02
-1.113900000000000112e+00 -6.800000000000000488e-02
-1.111199999999999966e+00 -6.800000000000000488e-02
-1.108500000000000041e+00 -6.800000000000000488e-02
-1.119299999999999962e+00 -6.579999999999999738e-02
-1.116600000000000037e+00 -6.579999999999999738e-02
-1.113900000000000112e+00 -6.579999999999999738e-02
-1.111199999999999966e+00 -6.579999999999999738e-02
-1.108500000000000041e+00 -6.579999999999999738e-02
-1.116600000000000037e+00 -6.359999999999998987e-02
-1.113900000000000112e+00 -6.359999999999998987e-02
-1.111199999999999966e+00 -6.359999999999998987e-02
-1.108500000000000041e+00 -6.359999999999998987e-02
-1.105799999999999894e+00 -6.359999999999998987e-02
-1.116600000000000037e+00 -6.140000000000001013e-02
-1.113900000000000112e+00 -6.140000000000001013e-02
-1.111199999999999966e+00 -6.140000000000001013e-02
-1.108500000000000041e+00 -6.140000000000001013e-02
-1.105799999999999894e+00 -6.140000000000001013e-02
-1.113900000000000112e+00 -5.920000000000000262e-02
-1.111199999999999966e+00 -5.920000000000000262e-02
-1.108500000000000041e+00 -5.920000000000000262e-02
-1.105799999999999894e+00 -5.920000000000000262e-02
-1.113900000000000112e+00 -5.699999999999999512e-02
-1.111199999999999966e+00 -5.699999999999999512e-02
-1.108500000000000041e+00 -5.699999999999999512e-02
-1.105799999999999894e+00 -5.699999999999999512e-02
-1.103099999999999969e+00 -5.699999999999999512e-02
-1.113900000000000112e+00 -5.480000000000001537e-02
-1.111199999999999966e+00 -5.480000000000001537e-02
-1.108500000000000041e+00 -5.480000000000001537e-02
-1.105799999999999894e+00 -5.480000000000001537e-02
-1.103099999999999969e+00 -5.480000000000001537e-02
-1.111199999999999966e+00 -5.260000000000000786e-02
-1.108500000000000041e+00 -5.260000000000000786e-02
-1.105799999999999894e+00 -5.260000000000000786e-02
-1.103099999999999969e+00 -5.260000000000000786e-02
-1.100400000000000045e+00 -5.260000000000000786e-02
-1.111199999999999966e+00 -5.040000000000000036e-02
-1.108500000000000041e+00 -5.040000000000000036e-02
-1.105799999999999894e+00 -5.040000000000000036e-02
-1.103099999999999969e+00 -5.040000000000000036e-02
-1.100400000000000045e+00 -5.040000000000000036e-02
-1.108500000000000041e+00 -4.819999999999999285e-02
-1.105799999999999894e+00 -4.819999999999999285e-02
-1.103099999999999969e+00 -4.819999999999999285e-02
-1.100400000000000045e+00 -4.819999999999999285e-02
-1.108500000000000041e+00 -4.600000000000001310e-02
-1.105799999999999894e+00 -4.600000000000001310e-02
-1.103099999999999969e+00 -4.600000000000001310e-02
-1.100400000000000045e+00 -4.600000000000001310e-02
-1.097699999999999898e+00 -4.600000000000001310e-02
-1.108500000000000041e+00 -4.380000000000000560e-02
-1.105799999999999894e+00 -4.380000000000000560e-02
-1.103099999999999969e+00 -4.380000000000000560e-02
-1.100400000000000045e+00 -4.380000000000000560e-02
-1.097699999999999898e+00 -4.380000000000000560e-02
-1.105799999999999894e+00 -4.159999999999999809e-02
-1.103099999999999969e+00 -4.159999999999999809e-02
-1.100400000000000045e+00 -4.159999999999999809e-02
-1.097699999999999898e+00 -4.159999999999999809e-02
-1.105799999999999894e+00 -3.939999999999999059e-02
-1.103099999999999969e+00 -3.939999999999999059e-02
-1.100400000000000045e+00 -3.939999999999999059e-02
-1.097699999999999898e+00 -3.939999999999999059e-02
-1.094999999999999973e+00 -3.939999999999999059e-02
-1.103099999999999969e+00 -3.720000000000001084e-02
-1.100400000000000045e+00 -3.720000000000001084e-02
-1.097699999999999898e+00 -3.720000000000001084e-02
-1.094999999999999973e+00 -3.720000000000001084e-02
-1.103099999999999969e+00 -3.500000000000000333e-02
-1.100400000000000045e+00 -3.500000000000000333e-02
-1.097699999999999898e+00 -3.500000000000000333e-02
-1.094999999999999973e+00 -3.500000000000000333e-02
-1.092300000000000049e+00 -3.500000000000000333e-02
-1.103099999999999969e+00 -3.279999999999999583e-02
-1.100400000000000045e+00 -3.279999999999999583e-02
-1.097699999999999898e+00 -3.279999999999999583e-02
-1.094999999999999973e+00 -3.279999999999999583e-02
-1.092300000000000049e+00 -3.279999999999999583e-02
-1.100400000000000045e+00 -3.059999999999998832e-02
-1.097699999999999898e+00 -3.059999999999998832e-02
-1.094999999999999973e+00 -3.059999999999998832e-02
-1.092300000000000049e+00 -3.059999999999998832e-02
-1.100400000000000045e+00 -2.840000000000000857e-02
-1.097699999999999898e+00 -2.840000000000000857e-02
-1.094999999999999973e+00 -2.840000000000000857e-02
-1.092300000000000049e+00 -2.840000000000000857e-02
-1.089599999999999902e+00 -2.840000000000000857e-02
-1.097699999999999898e+00 -2.620000000000000107e-02
-1.094999999999999973e+00 -2.620000000000000107e-02
-1.092300000000000049e+00 -2.620000000000000107e-02
-1.089599999999999902e+00 -2.620000000000000107e-02
-1.097699999999999898e+00 -2.399999999999999356e-02
-1.094999999999999973e+00 -2.399999999999999356e-02
-1.092300000000000049e+00 -2.399999999999999356e-02
-1.089599999999999902e+00 -2.399999999999999356e-02
-1.086899999999999977e+00 -2.399999999999999356e-02
-1.097699999999999898e+00 -2.180000000000001381e-02
-1.094999999999999973e+00 -2.180000000000001381e-02
-1.092300000000000049e+00 -2.180000000000001381e-02
-1.089599999999999902e+00 -2.180000000000001381e-02
-1.086899999999999977e+00 -2.180000000000001381e-02
-1.094999999999999973e+00 -1.960000000000000631e-02
-1.092300000000000049e+00 -1.960000000000000631e-02
-1.089599999999999902e+00 -1.960000000000000631e-02
-1.086899999999999977e+00 -1.960000000000000631e-02
-1.094999999999999973e+00 -1.739999999999999880e-02
-1.092300000000000049e+00 -1.739999999999999880e-02
-1.089599999999999902e+00 -1.739999999999999880e-02
-1.086899999999999977e+00 -1.739999999999999880e-02
-1.084200000000000053e+00 -1.739999999999999880e-02
-1.092300000000000049e+00 -1.519999999999999130e-02
-1.089599999999999902e+00 -1.519999999999999130e-02
-1.086899999999999977e+00 -1.519999999999999130e-02
-1.084200000000000053e+00 -1.519999999999999130e-02
-1.092300000000000049e+00 -1.300000000000001155e-02
-1.089599999999999902e+00 -1.300000000000001155e-02
-1.086899999999999977e+00 -1.300000000000001155e-02
-1.084200000000000053e+00 -1.300000000000001155e-02
-1.092300000000000049e+00 -1.080000000000000404e-02
-1.089599999999999902e+00 -1.080000000000000404e-02
-1.086899999999999977e+00 -1.080000000000000404e-02
-1.084200000000000053e+00 -1.080000000000000404e-02
-1.081499999999999906e+00 -1.080000000000000404e-02
-1.089599999999999902e+00 -8.599999999999996536e-03
-1.086899999999999977e+00 -8.599999999999996536e-03
-1.084200000000000053e+00 -8.599999999999996536e-03
-1.081499999999999906e+00 -8.599999999999996536e-03
-1.089599999999999902e+00 -6.399999999999989031e-03
-1.086899999999999977e+00 -6.399999999999989031e-03
-1.084200000000000053e+00 -6.399999999999989031e-03
-1.081499999999999906e+00 -6.399999999999989031e-03
-1.078799999999999981e+00 -6.399999999999989031e-03
-1.086899999999999977e+00 -4.200000000000009281e-03
-1.084200000000000053e+00 -4.200000000000009281e-03
-1.081499999999999906e+00 -4.200000000000009281e-03
-1.078799999999999981e+00 -4.200000000000009281e-03
-1.086899999999999977e+00 -2.000000000000001776e-03
-1.084200000000000053e+00 -2.000000000000001776e-03
-1.081499999999999906e+00 -2.000000000000001776e-03
-1.078799999999999981e+00 -2.000000000000001776e-03
-1.086899999999999977e+00 2.000000000000057288e-04
-1.084200000000000053e+00 2.000000000000057288e-04
-1.081499999999999906e+00 2.000000000000057288e-04
-1.078799999999999981e+00 2.000000000000057288e-04
-1.076100000000000056e+00 2.000000000000057288e-04
-1.084200000000000053e+00 2.400000000000013234e-03
-1.081499999999999906e+00 2.400000000000013234e-03
-1.078799999999999981e+00 2.400000000000013234e-03
-1.076100000000000056e+00 2.400000000000013234e-03
-1.084200000000000053e+00 4.599999999999992983e-03
-1.081499999999999906e+00 4.599999999999992983e-03
-1.078799999999999981e+00 4.599999999999992983e-03
-1.076100000000000056e+00 4.599999999999992983e-03
-1.073399999999999910e+00 4.599999999999992983e-03
-1.081499999999999906e+00 6.800000000000000488e-03
-1.078799999999999981e+00 6.800000000000000488e-03
-1.076100000000000056e+00 6.800000000000000488e-03
-1.073399999999999910e+00 6.800000000000000488e-03
-1.081499999999999906e+00 9.000000000000007994e-03
-1.078799999999999981e+00 9.000000000000007994e-03
-1.076100000000000056e+00 9.000000000000007994e-03
-1.073399999999999910e+00 9.000000000000007994e-03
-1.081499999999999906e+00 1.119999999999998774e-02
-1.078799999999999981e+00 1.119999999999998774e-02
-1.076100000000000056e+00 1.119999999999998774e-02
-1.073399999999999910e+00 1.119999999999998774e-02
-1.070699999999999985e+00 1.119999999999998774e-02
-1.078799999999999981e+00 1.339999999999999525e-02
-1.076100000000000056e+00 1.339999999999999525e-02
-1.073399999999999910e+00 1.339999999999999525e-02
-1.070699999999999985e+00 1.339999999999999525e-02
-1.078799999999999981e+00 1.560000000000000275e-02
-1.076100000000000056e+00 1.560000000000000275e-02
-1.073399999999999910e+00 1.560000000000000275e-02
-1.070699999999999985e+00 1.560000000000000275e-02
-1.078799999999999981e+00 1.780000000000001026e-02
-1.076100000000000056e+00 1.780000000000001026e-02
-1.073399999999999910e+00 1.780000000000001026e-02
-1.070699999999999985e+00 1.780000000000001026e-02
-1.068000000000000060e+00 1.780000000000001026e-02
-1.076100000000000056e+00 1.999999999999999001e-02
-1.073399999999999910e+00 1.999999999999999001e-02
-1.070699999999999985e+00 1.999999999999999001e-02
-1.068000000000000060e+00 1.999999999999999001e-02
-1.076100000000000056e+00 2.219999999999999751e-02
-1.073399999999999910e+00 2.219999999999999751e-02
-1.070699999999999985e+00 2.219999999999999751e-02
-1.068000000000000060e+00 2.219999999999999751e-02
-1.065299999999999914e+00 2.219999999999999751e-02
-1.073399999999999910e+00 2.440000000000000502e-02
-1.070699999999999985e+00 2.440000000000000502e-02
-1.068000000000000060e+00 2.440000000000000502e-02
-1.065299999999999914e+00 2.440000000000000502e-02
-1.073399999999999910e+00 2.660000000000001252e-02
-1.070699999999999985e+00 2.660000000000001252e-02
-1.068000000000000060e+00 2.660000000000001252e-02
-1.065299999999999914e+00 2.660000000000001252e-02
-1.073399999999999910e+00 2.879999999999999227e-02
-1.070699999999999985e+00 2.879999999999999227e-02
-1.068000000000000060e+00 2.879999999999999227e-02
-1.065299999999999914e+00 2.879999999999999227e-02
-1.062599999999999989e+00 2.879999999999999227e-02
-1.070699999999999985e+00 3.099999999999999978e-02
-1.068000000000000060e+00 3.099999999999999978e-02
-1.065299999999999914e+00 3.099999999999999978e-02
-1.062599999999999989e+00 3.099999999999999978e-02
-1.070699999999999985e+00 3.320000000000000728e-02
-1.068000000000000060e+00 3.320000000000000728e-02
-1.065299999999999914e+00 3.320000000000000728e-02
-1.062599999999999989e+00 3.320000000000000728e-02
-1.059899999999999842e+00 3.320000000000000728e-02
-1.068000000000000060e+00 3.540000000000001479e-02
-1.065299999999999914e+00 3.540000000000001479e-02
-1.062599999999999989e+00 3.540000000000001479e-02
-1.059899999999999842e+00 3.540000000000001479e-02
-1.068000000000000060e+00 3.759999999999999454e-02
-1.065299999999999914e+00 3.759999999999999454e-02
-1.062599999999999989e+00 3.759999999999999454e-02
-1.059899999999999842e+00 3.759999999999999454e-02
-1.068000000000000060e+00 3.980000000000000204e-02
-1.065299999999999914e+00 3.980000000000000204e-02
-1.062599999999999989e+00 3.980000000000000204e-02
-1.059899999999999842e+00 3.980000000000000204e-02
-1.057199999999999918e+00 3.980000000000000204e-02
-1.065299999999999914e+00 4.200000000000000955e-02
-1.062599999999999989e+00 4.200000000000000955e-02
-1.059899999999999842e+00 4.200000000000000955e-02
-1.057199999999999918e+00 4.200000000000000955e-02
-1.065299999999999914e+00 4.420000000000001705e-02
-1.062599999999999989e+00 4.420000000000001705e-02
-1.059899999999999842e+00 4.420000000000001705e-02
-1.057199999999999918e+00 4.420000000000001705e-02
-1.062599999999999989e+00 4.639999999999999680e-02
-1.059899999999999842e+00 4.639999999999999680e-02
-1.057199999999999918e+00 4.639999999999999680e-02
-1.054499999999999993e+00 4.639999999999999680e-02
-1.062599999999999989e+00 4.860000000000000431e-02
-1.059899999999999842e+00 4.860000000000000431e-02
-1.057199999999999918e+00 4.860000000000000431e-02
-1.054499999999999993e+00 4.860000000000000431e-02
-1.062599999999999989e+00 5.080000000000001181e-02
-1.059899999999999842e+00 5.080000000000001181e-02
-1.057199999999999918e+00 5.080000000000001181e-02
-1.054499999999999993e+00 5.080000000000001181e-02
-1.051800000000000068e+00 5.080000000000001181e-02
-1.059899999999999842e+00 5.299999999999999156e-02
-1.057199999999999918e+00 5.299999999999999156e-02
-1.054499999999999993e+00 5.299999999999999156e-02
-1.051800000000000068e+00 5.299999999999999156e-02
-1.059899999999999842e+00 5.520000000000002682e-02
-1.057199999999999918e+00 5.520000000000002682e-02
-1.054499999999999993e+00 5.520000000000002682e-02
-1.051800000000000068e+00 5.520000000000002682e-02
-1.057199999999999918e+00 5.740000000000000657e-02
-1.054499999999999993e+00 5.740000000000000657e-02
-1.051800000000000068e+00 5.740000000000000657e-02
-1.049099999999999921e+00 5.740000000000000657e-02
-1.057199999999999918e+00 5.959999999999998632e-02
-1.054499999999999993e+00 5.959999999999998632e-02
-1.051800000000000068e+00 5.959999999999998632e-02
-1.049099999999999921e+00 5.959999999999998632e-02
-1.057199999999999918e+00 6.180000000000002158e-02
-1.054499999999999993e+00 6.180000000000002158e-02
-1.051800000000000068e+00 6.180000000000002158e-02
-1.049099999999999921e+00 6.180000000000002158e-02
-1.054499999999999993e+00 6.400000000000000133e-02
-1.051800000000000068e+00 6.400000000000000133e-02
-1.049099999999999921e+00 6.400000000000000133e-02
-1.046399999999999997e+00 6.400000000000000133e-02
-1.054499999999999993e+00 6.619999999999998108e-02
-1.051800000000000068e+00 6.619999999999998108e-02
-1.049099999999999921e+00 6.619999999999998108e-02
-1.046399999999999997e+00 6.619999999999998108e-02
-1.054499999999999993e+00 6.840000000000001634e-02
-1.051800000000000068e+00 6.840000000000001634e-02
-1.049099999999999921e+00 6.840000000000001634e-02
-1.046399999999999997e+00 6.840000000000001634e-02
-1.051800000000000068e+00 7.059999999999999609e-02
-1.049099999999999921e+00 7.059999999999999609e-02
-1.046399999999999997e+00 7.059999999999999609e-02
-1.043699999999999850e+00 7.059999999999999609e-02
-1.051800000000000068e+00 7.280000000000003135e-02
-1.049099999999999921e+00 7.280000000000003135e-02
-1.046399999999999997e+00 7.280000000000003135e-02
-1.043699999999999850e+00 7.280000000000003135e-02
-1.049099999999999921e+00 7.500000000000001110e-02
-1.046399999999999997e+00 7.500000000000001110e-02
-1.043699999999999850e+00 7.500000000000001110e-02
-1.040999999999999925e+00 7.500000000000001110e-02
-1.049099999999999921e+00 7.719999999999999085e-02
-1.046399999999999997e+00 7.719999999999999085e-02
-1.043699999999999850e+00 7.719999999999999085e-02
-1.040999999999999925e+00 7.719999999999999085e-02
-1.049099999999999921e+00 7.940000000000002611e-02
-1.046399999999999997e+00 7.940000000000002611e-02
-1.043699999999999850e+00 7.940000000000002611e-02
-1.040999999999999925e+00 7.940000000000002611e-02
-1.046399999999999997e+00 8.160000000000000586e-02
-1.043699999999999850e+00 8.160000000000000586e-02
-1.040999999999999925e+00 8.160000000000000586e-02
-1.038300000000000001e+00 8.160000000000000586e-02
-1.046399999999999997e+00 8.379999999999998561e-02
-1.043699999999999850e+00 8.379999999999998561e-02
-1.040999999999999925e+00 8.379999999999998561e-02
-1.038300000000000001e+00 8.379999999999998561e-02
-1.046399999999999997e+00 8.600000000000002087e-02
-1.043699999999999850e+00 8.600000000000002087e-02
-1.040999999999999925e+00 8.600000000000002087e-02
-1.038300000000000001e+00 8.600000000000002087e-02
-1.043699999999999850e+00 8.820000000000000062e-02
-1.040999999999999925e+00 8.820000000000000062e-02
-1.038300000000000001e+00 8.820000000000000062e-02
-1.035600000000000076e+00 8.820000000000000062e-02
-1.043699999999999850e+00 9.039999999999998037e-02
-1.040999999999999925e+00 9.039999999999998037e-02
-1.038300000000000001e+00 9.039999999999998037e-02
-1.035600000000000076e+00 9.039999999999998037e-02
-1.040999999999999925e+00 9.260000000000001563e-02
-1.038300000000000001e+00 9.260000000000001563e-02
-1.035600000000000076e+00 9.260000000000001563e-02
-1.040999999999999925e+00 9.479999999999999538e-02
-1.038300000000000001e+00 9.479999999999999538e-02
-1.035600000000000076e+00 9.479999999999999538e-02
-1.032899999999999929e+00 9.479999999999999538e-02
-1.040999999999999925e+00 9.700000000000003064e-02
-1.038300000000000001e+00 9.700000000000003064e-02
-1.035600000000000076e+00 9.700000000000003064e-02
-1.032899999999999929e+00 9.700000000000003064e-02
-1.038300000000000001e+00 9.920000000000001039e-02
-1.035600000000000076e+00 9.920000000000001039e-02
-1.032899999999999929e+00 9.920000000000001039e-02
-1.030200000000000005e+00 9.920000000000001039e-02
-1.038300000000000001e+00 1.013999999999999901e-01
-1.035600000000000076e+00 1.013999999999999901e-01
-1.032899999999999929e+00 1.013999999999999901e-01
-1.030200000000000005e+00 1.013999999999999901e-01
-1.038300000000000001e+00 1.036000000000000254e-01
-1.035600000000000076e+00 1.036000000000000254e-01
-1.032899999999999929e+00 1.036000000000000254e-01
-1.030200000000000005e+00 1.036000000000000254e-01
-1.035600000000000076e+00 1.058000000000000052e-01
-1.032899999999999929e+00 1.058000000000000052e-01
-1.030200000000000005e+00 1.058000000000000052e-01
-1.027499999999999858e+00 1.058000000000000052e-01
-1.035600000000000076e+00 1.079999999999999849e-01
-1.032899999999999929e+00 1.079999999999999849e-01
-1.030200000000000005e+00 1.079999999999999849e-01
-1.027499999999999858e+00 1.079999999999999849e-01
-1.035600000000000076e+00 1.102000000000000202e-01
-1.032899999999999929e+00 1.102000000000000202e-01
-1.030200000000000005e+00 1.102000000000000202e-01
-1.027499999999999858e+00 1.102000000000000202e-01
-1.032899999999999929e+00 1.123999999999999999e-01
-1.030200000000000005e+00 1.123999999999999999e-01
-1.027499999999999858e+00 1.123999999999999999e-01
-1.024799999999999933e+00 1.123999999999999999e-01
-1.032899999999999929e+00 1.146000000000000352e-01
-1.030200000000000005e+00 1.146000000000000352e-01
-1.027499999999999858e+00 1.146000000000000352e-01
-1.024799999999999933e+00 1.146000000000000352e-01
-1.032899999999999929e+00 1.168000000000000149e-01
-1.030200000000000005e+00 1.168000000000000149e-01
-1.027499999999999858e+00 1.168000000000000149e-01
-1.024799999999999933e+00 1.168000000000000149e-01
-1.030200000000000005e+00 1.189999999999999947e-01
-1.027499999999999858e+00 1.189999999999999947e-01
-1.024799999999999933e+00 1.189999999999999947e-01
-1.022100000000000009e+00 1.189999999999999947e-01
-1.030200000000000005e+00 1.212000000000000299e-01
-1.027499999999999858e+00 1.212000000000000299e-01
-1.024799999999999933e+00 1.212000000000000299e-01
-1.022100000000000009e+00 1.212000000000000299e-01
-1.027499999999999858e+00 1.234000000000000097e-01
-1.024799999999999933e+00 1.234000000000000097e-01
-1.022100000000000009e+00 1.234000000000000097e-01
-1.027499999999999858e+00 1.255999999999999894e-01
-1.024799999999999933e+00 1.255999999999999894e-01
-1.022100000000000009e+00 1.255999999999999894e-01
-1.019400000000000084e+00 1.255999999999999894e-01
-1.027499999999999858e+00 1.278000000000000247e-01
-1.024799999999999933e+00 1.278000000000000247e-01
-1.022100000000000009e+00 1.278000000000000247e-01
-1.019400000000000084e+00 1.278000000000000247e-01
-1.024799999999999933e+00 1.300000000000000044e-01
-1.022100000000000009e+00 1.300000000000000044e-01
-1.019400000000000084e+00 1.300000000000000044e-01
-1.024799999999999933e+00 1.321999999999999842e-01
-1.022100000000000009e+00 1.321999999999999842e-01
-1.019400000000000084e+00 1.321999999999999842e-01
-1.016699999999999937e+00 1.321999999999999842e-01
-1.024799999999999933e+00 1.344000000000000195e-01
-1.022100000000000009e+00 1.344000000000000195e-01
-1.019400000000000084e+00 1.344000000000000195e-01
-1.016699999999999937e+00 1.344000000000000195e-01
-1.022100000000000009e+00 1.365999999999999992e-01
-1.019400000000000084e+00 1.365999999999999992e-01
-1.016699999999999937e+00 1.365999999999999992e-01
-1.022100000000000009e+00 1.388000000000000345e-01
-1.019400000000000084e+00 1.388000000000000345e-01
-1.016699999999999937e+00 1.388000000000000345e-01
-1.014000000000000012e+00 1.388000000000000345e-01
-1.022100000000000009e+00 1.410000000000000142e-01
-1.019400000000000084e+00 1.410000000000000142e-01
-1.016699999999999937e+00 1.410000000000000142e-01
-1.014000000000000012e+00 1.410000000000000142e-01
-1.019400000000000084e+00 1.431999999999999940e-01
-1.016699999999999937e+00 1.431999999999999940e-01
-1.014000000000000012e+00 1.431999999999999940e-01
-1.019400000000000084e+00 1.454000000000000292e-01
-1.016699999999999937e+00 1.454000000000000292e-01
-1.014000000000000012e+00 1.454000000000000292e-01
-1.011299999999999866e+00 1.454000000000000292e-01
-1.019400000000000084e+00 1.476000000000000090e-01
-1.016699999999999937e+00 1.476000000000000090e-01
-1.014000000000000012e+00 1.476000000000000090e-01
-1.011299999999999866e+00 1.476000000000000090e-01
-1.016699999999999937e+00 1.497999999999999887e-01
-1.014000000000000012e+00 1.497999999999999887e-01
-1.011299999999999866e+00 1.497999999999999887e-01
-1.016699999999999937e+00 1.520000000000000240e-01
-1.014000000000000012e+00 1.520000000000000240e-01
-1.011299999999999866e+00 1.520000000000000240e-01
-1.008599999999999941e+00 1.520000000000000240e-01
-1.016699999999999937e+00 1.542000000000000037e-01
-1.014000000000000012e+00 1.542000000000000037e-01
-1.011299999999999866e+00 1.542000000000000037e-01
-1.008599999999999941e+00 1.542000000000000037e-01
-1.014000000000000012e+00 1.563999999999999835e-01
-1.011299999999999866e+00 1.563999999999999835e-01
-1.008599999999999941e+00 1.563999999999999835e-01
-1.014000000000000012e+00 1.586000000000000187e-01
-1.011299999999999866e+00 1.586000000000000187e-01
-1.008599999999999941e+00 1.586000000000000187e-01
-1.005900000000000016e+00 1.586000000000000187e-01
-1.014000000000000012e+00 1.607999999999999985e-01
-1.011299999999999866e+00 1.607999999999999985e-01
-1.008599999999999941e+00 1.607999999999999985e-01
-1.005900000000000016e+00 1.607999999999999985e-01
-1.011299999999999866e+00 1.630000000000000338e-01
-1.008599999999999941e+00 1.630000000000000338e-01
-1.005900000000000016e+00 1.630000000000000338e-01
-1.011299999999999866e+00 1.652000000000000135e-01
-1.008599999999999941e+00 1.652000000000000135e-01
-1.005900000000000016e+00 1.652000000000000135e-01
-1.003200000000000092e+00 1.652000000000000135e-01
-1.011299999999999866e+00 1.673999999999999932e-01
-1.008599999999999941e+00 1.673999999999999932e-01
-1.005900000000000016e+00 1.673999999999999932e-01
-1.003200000000000092e+00 1.673999999999999932e-01
-1.008599999999999941e+00 1.696000000000000285e-01
-1.005900000000000016e+00 1.696000000000000285e-01
-1.003200000000000092e+00 1.696000000000000285e-01
-1.008599999999999941e+00 1.718000000000000083e-01
-1.005900000000000016e+00 1.718000000000000083e-01
-1.003200000000000092e+00 1.718000000000000083e-01
-1.000499999999999945e+00 1.718000000000000083e-01
-1.008599999999999941e+00 1.739999999999999880e-01
-1.005900000000000016e+00 1.739999999999999880e-01
-1.003200000000000092e+00 1.739999999999999880e-01
-1.000499999999999945e+00 1.739999999999999880e-01
-1.005900000000000016e+00 1.762000000000000233e-01
-1.003200000000000092e+00 1.762000000000000233e-01
-1.000499999999999945e+00 1.762000000000000233e-01
-1.005900000000000016e+00 1.784000000000000030e-01
-1.003200000000000092e+00 1.784000000000000030e-01
-1.000499999999999945e+00 1.784000000000000030e-01
-9.978000000000000203e-01 1.784000000000000030e-01
-1.005900000000000016e+00 1.806000000000000383e-01
-1.003200000000000092e+00 1.806000000000000383e-01
-1.000499999999999945e+00 1.806000000000000383e-01
-9.978000000000000203e-01 1.806000000000000383e-01
-1.003200000000000092e+00 1.828000000000000180e-01
-1.000499999999999945e+00 1.828000000000000180e-01
-9.978000000000000203e-01 1.828000000000000180e-01
-1.003200000000000092e+00 1.849999999999999978e-01
-1.000499999999999945e+00 1.849999999999999978e-01
-9.978000000000000203e-01 1.849999999999999978e-01
-1.003200000000000092e+00 1.872000000000000330e-01
-1.000499999999999945e+00 1.872000000000000330e-01
-9.978000000000000203e-01 1.872000000000000330e-01
-9.950999999999999845e-01 1.872000000000000330e-01
-1.000499999999999945e+00 1.894000000000000128e-01
-9.978000000000000203e-01 1.894000000000000128e-01
-9.950999999999999845e-01 1.894000000000000128e-01
-1.000499999999999945e+00 1.915999999999999925e-01
-9.978000000000000203e-01 1.915999999999999925e-01
-9.950999999999999845e-01 1.915999999999999925e-01
-1.000499999999999945e+00 1.938000000000000278e-01
-9.978000000000000203e-01 1.938000000000000278e-01
-9.950999999999999845e-01 1.938000000000000278e-01
-9.923999999999999488e-01 1.938000000000000278e-01
-9.978000000000000203e-01 1.960000000000000075e-01
-9.950999999999999845e-01 1.960000000000000075e-01
-9.923999999999999488e-01 1.960000000000000075e-01
-9.978000000000000203e-01 1.981999999999999873e-01
-9.950999999999999845e-01 1.981999999999999873e-01
-9.923999999999999488e-01 1.981999999999999873e-01
-9.978000000000000203e-01 2.004000000000000226e-01
-9.950999999999999845e-01 2.004000000000000226e-01
-9.923999999999999488e-01 2.004000000000000226e-01
-9.897000000000000242e-01 2.004000000000000226e-01
-9.950999999999999845e-01 2.026000000000000023e-01
-9.923999999999999488e-01 2.026000000000000023e-01
-9.897000000000000242e-01 2.026000000000000023e-01
-9.950999999999999845e-01 2.048000000000000376e-01
-9.923999999999999488e-01 2.048000000000000376e-01
-9.897000000000000242e-01 2.048000000000000376e-01
-9.950999999999999845e-01 2.070000000000000173e-01
-9.923999999999999488e-01 2.070000000000000173e-01
-9.897000000000000242e-01 2.070000000000000173e-01
-9.869999999999999885e-01 2.070000000000000173e-01
-9.950999999999999845e-01 2.091999999999999971e-01
-9.923999999999999488e-01 2.091999999999999971e-01
-9.897000000000000242e-01 2.091999999999999971e-01
-9.869999999999999885e-01 2.091999999999999971e-01
-9.923999999999999488e-01 2.114000000000000323e-01
-9.897000000000000242e-01 2.114000000000000323e-01
-9.869999999999999885e-01 2.114000000000000323e-01
-9.923999999999999488e-01 2.136000000000000121e-01
-9.897000000000000242e-01 2.136000000000000121e-01
-9.869999999999999885e-01 2.136000000000000121e-01
-9.923999999999999488e-01 2.157999999999999918e-01
-9.897000000000000242e-01 2.157999999999999918e-01
-9.869999999999999885e-01 2.157999999999999918e-01
-9.842999999999999527e-01 2.157999999999999918e-01
-9.897000000000000242e-01 2.180000000000000271e-01
-9.869999999999999885e-01 2.180000000000000271e-01
-9.842999999999999527e-01 2.180000000000000271e-01
-9.897000000000000242e-01 2.202000000000000068e-01
-9.869999999999999885e-01 2.202000000000000068e-01
-9.842999999999999527e-01 2.202000000000000068e-01
-9.897000000000000242e-01 2.223999999999999866e-01
-9.869999999999999885e-01 2.223999999999999866e-01
-9.842999999999999527e-01 2.223999999999999866e-01
-9.816000000000000281e-01 2.223999999999999866e-01
-9.869999999999999885e-01 2.246000000000000218e-01
-9.842999999999999527e-01 2.246000000000000218e-01
-9.816000000000000281e-01 2.246000000000000218e-01
-9.869999999999999885e-01 2.268000000000000016e-01
-9.842999999999999527e-01 2.268000000000000016e-01
-9.816000000000000281e-01 2.268000000000000016e-01
-9.869999999999999885e-01 2.290000000000000369e-01
-9.842999999999999527e-01 2.290000000000000369e-01
-9.816000000000000281e-01 2.290000000000000369e-01
-9.788999999999999924e-01 2.290000000000000369e-01
-9.842999999999999527e-01 2.312000000000000166e-01
-9.816000000000000281e-01 2.312000000000000166e-01
-9.788999999999999924e-01 2.312000000000000166e-01
-9.842999999999999527e-01 2.333999999999999964e-01
-9.816000000000000281e-01 2.333999999999999964e-01
-9.788999999999999924e-01 2.333999999999999964e-01
-9.842999999999999527e-01 2.356000000000000316e-01
-9.816000000000000281e-01 2.356000000000000316e-01
-9.788999999999999924e-01 2.356000000000000316e-01
-9.842999999999999527e-01 2.378000000000000114e-01
-9.816000000000000281e-01 2.378000000000000114e-01
-9.788999999999999924e-01 2.378000000000000114e-01
-9.761999999999999567e-01 2.378000000000000114e-01
-9.816000000000000281e-01 2.399999999999999911e-01
-9.788999999999999924e-01 2.399999999999999911e-01
-9.761999999999999567e-01 2.399999999999999911e-01
-9.816000000000000281e-01 2.422000000000000264e-01
-9.788999999999999924e-01 2.422000000000000264e-01
-9.761999999999999567e-01 2.422000000000000264e-01
-9.816000000000000281e-01 2.444000000000000061e-01
-9.788999999999999924e-01 2.444000000000000061e-01
-9.761999999999999567e-01 2.444000000000000061e-01
-9.734999999999999210e-01 2.444000000000000061e-01
-9.788999999999999924e-01 2.466000000000000414e-01
-9.761999999999999567e-01 2.466000000000000414e-01
-9.734999999999999210e-01 2.466000000000000414e-01
-9.788999999999999924e-01 2.488000000000000211e-01
-9.761999999999999567e-01 2.488000000000000211e-01
-9.734999999999999210e-01 2.488000000000000211e-01
-9.788999999999999924e-01 2.510000000000000009e-01
-9.761999999999999567e-01 2.510000000000000009e-01
-9.734999999999999210e-01 2.510000000000000009e-01
-9.707999999999999963e-01 2.510000000000000009e-01
-9.761999999999999567e-01 2.532000000000000361e-01
-9.734999999999999210e-01 2.532000000000000361e-01
-9.707999999999999963e-01 2.532000000000000361e-01
-9.761999999999999567e-01 2.554000000000000159e-01
-9.734999999999999210e-01 2.554000000000000159e-01
-9.707999999999999963e-01 2.554000000000000159e-01
-9.761999999999999567e-01 2.575999999999999956e-01
-9.734999999999999210e-01 2.575999999999999956e-01
-9.707999999999999963e-01 2.575999999999999956e-01
-9.734999999999999210e-01 2.598000000000000309e-01
-9.707999999999999963e-01 2.598000000000000309e-01
-9.680999999999999606e-01 2.598000000000000309e-01
-9.734999999999999210e-01 2.620000000000000107e-01
-9.707999999999999963e-01 2.620000000000000107e-01
-9.680999999999999606e-01 2.620000000000000107e-01
-9.734999999999999210e-01 2.641999999999999904e-01
-9.707999999999999963e-01 2.641999999999999904e-01
-9.680999999999999606e-01 2.641999999999999904e-01
-9.734999999999999210e-01 2.664000000000000257e-01
-9.707999999999999963e-01 2.664000000000000257e-01
-9.680999999999999606e-01 2.664000000000000257e-01
-9.653999999999999249e-01 2.664000000000000257e-01
-9.707999999999999963e-01 2.686000000000000054e-01
-9.680999999999999606e-01 2.686000000000000054e-01
-9.653999999999999249e-01 2.686000000000000054e-01
-9.707999999999999963e-01 2.708000000000000407e-01
-9.680999999999999606e-01 2.708000000000000407e-01
-9.653999999999999249e-01 2.708000000000000407e-01
-9.707999999999999963e-01 2.730000000000000204e-01
-9.680999999999999606e-01 2.730000000000000204e-01
-9.653999999999999249e-01 2.730000000000000204e-01
-9.680999999999999606e-01 2.752000000000000002e-01
-9.653999999999999249e-01 2.752000000000000002e-01
-9.627000000000000002e-01 2.752000000000000002e-01
-9.680999999999999606e-01 2.774000000000000354e-01
-9.653999999999999249e-01 2.774000000000000354e-01
-9.627000000000000002e-01 2.774000000000000354e-01
-9.680999999999999606e-01 2.796000000000000152e-01
-9.653999999999999249e-01 2.796000000000000152e-01
-9.627000000000000002e-01 2.796000000000000152e-01
-9.653999999999999249e-01 2.817999999999999949e-01
-9.627000000000000002e-01 2.817999999999999949e-01
-9.599999999999999645e-01 2.817999999999999949e-01
-9.653999999999999249e-01 2.840000000000000302e-01
-9.627000000000000002e-01 2.840000000000000302e-01
-9.599999999999999645e-01 2.840000000000000302e-01
-9.653999999999999249e-01 2.862000000000000099e-01
-9.627000000000000002e-01 2.862000000000000099e-01
-9.599999999999999645e-01 2.862000000000000099e-01
-9.653999999999999249e-01 2.884000000000000452e-01
-9.627000000000000002e-01 2.884000000000000452e-01
-9.599999999999999645e-01 2.884000000000000452e-01
-9.572999999999999288e-01 2.884000000000000452e-01
-9.627000000000000002e-01 2.906000000000000250e-01
-9.599999999999999645e-01 2.906000000000000250e-01
-9.572999999999999288e-01 2.906000000000000250e-01
-9.627000000000000002e-01 2.928000000000000047e-01
-9.599999999999999645e-01 2.928000000000000047e-01
-9.572999999999999288e-01 2.928000000000000047e-01
-9.627000000000000002e-01 2.950000000000000400e-01
-9.599999999999999645e-01 2.950000000000000400e-01
-9.572999999999999288e-01 2.950000000000000400e-01
-9.599999999999999645e-01 2.972000000000000197e-01
-9.572999999999999288e-01 2.972000000000000197e-01
-9.546000000000000041e-01 2.972000000000000197e-01
-9.599999999999999645e-01 2.993999999999999995e-01
-9.572999999999999288e-01 2.993999999999999995e-01
-9.546000000000000041e-01 2.993999999999999995e-01
-9.599999999999999645e-01 3.016000000000000347e-01
-9.572999999999999288e-01 3.016000000000000347e-01
-9.546000000000000041e-01 3.016000000000000347e-01
-9.572999999999999288e-01 3.038000000000000145e-01
-9.546000000000000041e-01 3.038000000000000145e-01
-9.518999999999999684e-01 3.038000000000000145e-01
-9.572999999999999288e-01 3.059999999999999942e-01
-9.546000000000000041e-01 3.059999999999999942e-01
-9.518999999999999684e-01 3.059999999999999942e-01
-9.572999999999999288e-01 3.081999999999999740e-01
-9.546000000000000041e-01 3.081999999999999740e-01
-9.518999999999999684e-01 3.081999999999999740e-01
-9.546000000000000041e-01 3.104000000000000647e-01
-9.518999999999999684e-01 3.104000000000000647e-01
-9.491999999999999327e-01 3.104000000000000647e-01
-9.546000000000000041e-01 3.126000000000000445e-01
-9.518999999999999684e-01 3.126000000000000445e-01
-9.491999999999999327e-01 3.126000000000000445e-01
-9.546000000000000041e-01 3.148000000000000242e-01
-9.518999999999999684e-01 3.148000000000000242e-01
-9.491999999999999327e-01 3.148000000000000242e-01
-9.546000000000000041e-01 3.170000000000000040e-01
-9.518999999999999684e-01 3.170000000000000040e-01
-9.491999999999999327e-01 3.170000000000000040e-01
-9.518999999999999684e-01 3.191999999999999837e-01
-9.491999999999999327e-01 3.191999999999999837e-01
-9.465000000000000080e-01 3.191999999999999837e-01
-9.518999999999999684e-01 3.214000000000000745e-01
-9.491999999999999327e-01 3.214000000000000745e-01
-9.465000000000000080e-01 3.214000000000000745e-01
-9.518999999999999684e-01 3.236000000000000543e-01
-9.491999999999999327e-01 3.236000000000000543e-01
-9.465000000000000080e-01 3.236000000000000543e-01
-9.491999999999999327e-01 3.258000000000000340e-01
-9.465000000000000080e-01 3.258000000000000340e-01
-9.437999999999999723e-01 3.258000000000000340e-01
-9.491999999999999327e-01 3.280000000000000138e-01
-9.465000000000000080e-01 3.280000000000000138e-01
-9.437999999999999723e-01 3.280000000000000138e-01
-9.491999999999999327e-01 3.301999999999999935e-01
-9.465000000000000080e-01 3.301999999999999935e-01
-9.437999999999999723e-01 3.301999999999999935e-01
-9.465000000000000080e-01 3.323999999999999733e-01
-9.437999999999999723e-01 3.323999999999999733e-01
-9.410999999999999366e-01 3.323999999999999733e-01
-9.465000000000000080e-01 3.346000000000000640e-01
-9.437999999999999723e-01 3.346000000000000640e-01
-9.410999999999999366e-01 3.346000000000000640e-01
-9.465000000000000080e-01 3.368000000000000438e-01
-9.437999999999999723e-01 3.368000000000000438e-01
-9.410999999999999366e-01 3.368000000000000438e-01
-9.437999999999999723e-01 3.390000000000000235e-01
-9.410999999999999366e-01 3.390000000000000235e-01
-9.437999999999999723e-01 3.412000000000000033e-01
-9.410999999999999366e-01 3.412000000000000033e-01
-9.384000000000000119e-01 3.412000000000000033e-01
-9.437999999999999723e-01 3.433999999999999830e-01
-9.410999999999999366e-01 3.433999999999999830e-01
-9.384000000000000119e-01 3.433999999999999830e-01
-9.437999999999999723e-01 3.456000000000000738e-01
-9.410999999999999366e-01 3.456000000000000738e-01
-9.384000000000000119e-01 3.456000000000000738e-01
-9.410999999999999366e-01 3.478000000000000536e-01
-9.384000000000000119e-01 3.478000000000000536e-01
-9.356999999999999762e-01 3.478000000000000536e-01
-9.410999999999999366e-01 3.500000000000000333e-01
-9.384000000000000119e-01 3.500000000000000333e-01
-9.356999999999999762e-01 3.500000000000000333e-01
-9.410999999999999366e-01 3.522000000000000131e-01
-9.384000000000000119e-01 3.522000000000000131e-01
-9.356999999999999762e-01 3.522000000000000131e-01
-9.384000000000000119e-01 3.543999999999999928e-01
-9.356999999999999762e-01 3.543999999999999928e-01
-9.329999999999999405e-01 3.543999999999999928e-01
-9.384000000000000119e-01 3.565999999999999726e-01
-9.356999999999999762e-01 3.565999999999999726e-01
-9.329999999999999405e-01 3.565999999999999726e-01
-9.384000000000000119e-01 3.588000000000000633e-01
-9.356999999999999762e-01 3.588000000000000633e-01
-9.329999999999999405e-01 3.588000000000000633e-01
-9.356999999999999762e-01 3.610000000000000431e-01
-9.329999999999999405e-01 3.610000000000000431e-01
-9.303000000000000158e-01 3.610000000000000431e-01
-9.356999999999999762e-01 3.632000000000000228e-01
-9.329999999999999405e-01 3.632000000000000228e-01
-9.303000000000000158e-01 3.632000000000000228e-01
-9.356999999999999762e-01 3.654000000000000026e-01
-9.329999999999999405e-01 3.654000000000000026e-01
-9.303000000000000158e-01 3.654000000000000026e-01
-9.329999999999999405e-01 3.675999999999999823e-01
-9.303000000000000158e-01 3.675999999999999823e-01
-9.275999999999999801e-01 3.675999999999999823e-01
-9.329999999999999405e-01 3.698000000000000731e-01
-9.303000000000000158e-01 3.698000000000000731e-01
-9.275999999999999801e-01 3.698000000000000731e-01
-9.329999999999999405e-01 3.720000000000000528e-01
-9.303000000000000158e-01 3.720000000000000528e-01
-9.275999999999999801e-01 3.720000000000000528e-01
-9.303000000000000158e-01 3.742000000000000326e-01
-9.275999999999999801e-01 3.742000000000000326e-01
-9.303000000000000158e-01 3.764000000000000123e-01
-9.275999999999999801e-01 3.764000000000000123e-01
-9.248999999999999444e-01 3.764000000000000123e-01
-9.303000000000000158e-01 3.785999999999999921e-01
-9.275999999999999801e-01 3.785999999999999921e-01
-9.248999999999999444e-01 3.785999999999999921e-01
-9.275999999999999801e-01 3.807999999999999718e-01
-9.248999999999999444e-01 3.807999999999999718e-01
-9.275999999999999801e-01 3.830000000000000626e-01
-9.248999999999999444e-01 3.830000000000000626e-01
-9.222000000000000197e-01 3.830000000000000626e-01
-9.275999999999999801e-01 3.852000000000000424e-01
-9.248999999999999444e-01 3.852000000000000424e-01
-9.222000000000000197e-01 3.852000000000000424e-01
-9.248999999999999444e-01 3.874000000000000221e-01
-9.222000000000000197e-01 3.874000000000000221e-01
-9.248999999999999444e-01 3.896000000000000019e-01
-9.222000000000000197e-01 3.896000000000000019e-01
-9.194999999999999840e-01 3.896000000000000019e-01
-9.248999999999999444e-01 3.917999999999999816e-01
-9.222000000000000197e-01 3.917999999999999816e-01
-9.194999999999999840e-01 3.917999999999999816e-01
-9.222000000000000197e-01 3.940000000000000724e-01
-9.194999999999999840e-01 3.940000000000000724e-01
-9.222000000000000197e-01 3.962000000000000521e-01
-9.194999999999999840e-01 3.962000000000000521e-01
-9.167999999999999483e-01 3.962000000000000521e-01
-9.222000000000000197e-01 3.984000000000000319e-01
-9.194999999999999840e-01 3.984000000000000319e-01
-9.167999999999999483e-01 3.984000000000000319e-01
-9.194999999999999840e-01 4.006000000000000116e-01
-9.167999999999999483e-01 4.006000000000000116e-01
-9.194999999999999840e-01 4.027999999999999914e-01
-9.167999999999999483e-01 4.027999999999999914e-01
-9.141000000000000236e-01 4.027999999999999914e-01
-9.194999999999999840e-01 4.049999999999999711e-01
-9.167999999999999483e-01 4.049999999999999711e-01
-9.141000000000000236e-01 4.049999999999999711e-01
-9.167999999999999483e-01 4.072000000000000619e-01
-9.141000000000000236e-01 4.072000000000000619e-01
-9.167999999999999483e-01 4.094000000000000417e-01
-9.141000000000000236e-01 4.094000000000000417e-01
-9.113999999999999879e-01 4.094000000000000417e-01
-9.167999999999999483e-01 4.116000000000000214e-01
-9.141000000000000236e-01 4.116000000000000214e-01
-9.113999999999999879e-01 4.116000000000000214e-01
-9.141000000000000236e-01 4.138000000000000012e-01
-9.113999999999999879e-01 4.138000000000000012e-01
-9.086999999999999522e-01 4.138000000000000012e-01
-9.141000000000000236e-01 4.159999999999999809e-01
-9.113999999999999879e-01 4.159999999999999809e-01
-9.086999999999999522e-01 4.159999999999999809e-01
-9.113999999999999879e-01 4.182000000000000717e-01
-9.086999999999999522e-01 4.182000000000000717e-01
-9.113999999999999879e-01 4.204000000000000514e-01
-9.086999999999999522e-01 4.204000000000000514e-01
-9.059999999999999165e-01 4.204000000000000514e-01
-9.113999999999999879e-01 4.226000000000000312e-01
-9.086999999999999522e-01 4.226000000000000312e-01
-9.059999999999999165e-01 4.226000000000000312e-01
-9.086999999999999522e-01 4.248000000000000109e-01
-9.059999999999999165e-01 4.248000000000000109e-01
-9.086999999999999522e-01 4.269999999999999907e-01
-9.059999999999999165e-01 4.269999999999999907e-01
-9.032999999999999918e-01 4.269999999999999907e-01
-9.086999999999999522e-01 4.292000000000000814e-01
-9.059999999999999165e-01 4.292000000000000814e-01
-9.032999999999999918e-01 4.292000000000000814e-01
-9.059999999999999165e-01 4.314000000000000612e-01
-9.032999999999999918e-01 4.314000000000000612e-01
-9.059999999999999165e-01 4.336000000000000409e-01
-9.032999999999999918e-01 4.336000000000000409e-01
-9.005999999999999561e-01 4.336000000000000409e-01
-9.059999999999999165e-01 4.358000000000000207e-01
-9.032999999999999918e-01 4.358000000000000207e-01
-9.005999999999999561e-01 4.358000000000000207e-01
-9.032999999999999918e-01 4.380000000000000004e-01
-9.005999999999999561e-01 4.380000000000000004e-01
-9.032999999999999918e-01 4.401999999999999802e-01
-9.005999999999999561e-01 4.401999999999999802e-01
-8.978999999999999204e-01 4.401999999999999802e-01
-9.005999999999999561e-01 4.424000000000000710e-01
-8.978999999999999204e-01 4.424000000000000710e-01
-9.005999999999999561e-01 4.446000000000000507e-01
-8.978999999999999204e-01 4.446000000000000507e-01
-8.951999999999999957e-01 4.446000000000000507e-01
-9.005999999999999561e-01 4.468000000000000305e-01
-8.978999999999999204e-01 4.468000000000000305e-01
-8.951999999999999957e-01 4.468000000000000305e-01
-8.978999999999999204e-01 4.490000000000000102e-01
-8.951999999999999957e-01 4.490000000000000102e-01
-8.978999999999999204e-01 4.511999999999999900e-01
-8.951999999999999957e-01 4.511999999999999900e-01
-8.924999999999999600e-01 4.511999999999999900e-01
-8.978999999999999204e-01 4.534000000000000807e-01
-8.951999999999999957e-01 4.534000000000000807e-01
-8.924999999999999600e-01 4.534000000000000807e-01
-8.951999999999999957e-01 4.556000000000000605e-01
-8.924999999999999600e-01 4.556000000000000605e-01
-8.951999999999999957e-01 4.578000000000000402e-01
-8.924999999999999600e-01 4.578000000000000402e-01
-8.897999999999999243e-01 4.578000000000000402e-01
-8.924999999999999600e-01 4.600000000000000200e-01
-8.897999999999999243e-01 4.600000000000000200e-01
-8.924999999999999600e-01 4.621999999999999997e-01
-8.897999999999999243e-01 4.621999999999999997e-01
-8.870999999999999996e-01 4.621999999999999997e-01
-8.924999999999999600e-01 4.643999999999999795e-01
-8.897999999999999243e-01 4.643999999999999795e-01
-8.870999999999999996e-01 4.643999999999999795e-01
-8.897999999999999243e-01 4.666000000000000703e-01
-8.870999999999999996e-01 4.666000000000000703e-01
-8.897999999999999243e-01 4.688000000000000500e-01
-8.870999999999999996e-01 4.688000000000000500e-01
-8.843999999999999639e-01 4.688000000000000500e-01
-8.870999999999999996e-01 4.710000000000000298e-01
-8.843999999999999639e-01 4.710000000000000298e-01
-8.870999999999999996e-01 4.732000000000000095e-01
-8.843999999999999639e-01 4.732000000000000095e-01
-8.816999999999999282e-01 4.732000000000000095e-01
-8.870999999999999996e-01 4.753999999999999893e-01
-8.843999999999999639e-01 4.753999999999999893e-01
-8.816999999999999282e-01 4.753999999999999893e-01
-8.843999999999999639e-01 4.776000000000000800e-01
-8.816999999999999282e-01 4.776000000000000800e-01
-8.843999999999999639e-01 4.798000000000000598e-01
-8.816999999999999282e-01 4.798000000000000598e-01
-8.790000000000000036e-01 4.798000000000000598e-01
-8.816999999999999282e-01 4.820000000000000395e-01
-8.790000000000000036e-01 4.820000000000000395e-01
-8.816999999999999282e-01 4.842000000000000193e-01
-8.790000000000000036e-01 4.842000000000000193e-01
-8.762999999999999678e-01 4.842000000000000193e-01
-8.790000000000000036e-01 4.863999999999999990e-01
-8.762999999999999678e-01 4.863999999999999990e-01
-8.790000000000000036e-01 4.885999999999999788e-01
-8.762999999999999678e-01 4.885999999999999788e-01
-8.790000000000000036e-01 4.908000000000000695e-01
-8.762999999999999678e-01 4.908000000000000695e-01
-8.735999999999999321e-01 4.908000000000000695e-01
-8.762999999999999678e-01 4.930000000000000493e-01
-8.735999999999999321e-01 4.930000000000000493e-01
-8.762999999999999678e-01 4.952000000000000290e-01
-8.735999999999999321e-01 4.952000000000000290e-01
-8.709000000000000075e-01 4.952000000000000290e-01
-8.735999999999999321e-01 4.974000000000000088e-01
-8.709000000000000075e-01 4.974000000000000088e-01
-8.735999999999999321e-01 4.995999999999999885e-01
-8.709000000000000075e-01 4.995999999999999885e-01
-8.681999999999999718e-01 4.995999999999999885e-01
-8.709000000000000075e-01 5.018000000000000238e-01
-8.681999999999999718e-01 5.018000000000000238e-01
-8.709000000000000075e-01 5.040000000000000036e-01
-8.681999999999999718e-01 5.040000000000000036e-01
-8.709000000000000075e-01 5.061999999999999833e-01
-8.681999999999999718e-01 5.061999999999999833e-01
-8.654999999999999361e-01 5.061999999999999833e-01
-8.681999999999999718e-01 5.083999999999999631e-01
-8.654999999999999361e-01 5.083999999999999631e-01
-8.681999999999999718e-01 5.105999999999999428e-01
-8.654999999999999361e-01 5.105999999999999428e-01
-8.628000000000000114e-01 5.105999999999999428e-01
-8.654999999999999361e-01 5.127999999999999226e-01
-8.628000000000000114e-01 5.127999999999999226e-01
-8.654999999999999361e-01 5.150000000000001243e-01
-8.628000000000000114e-01 5.150000000000001243e-01
-8.600999999999999757e-01 5.150000000000001243e-01
-8.628000000000000114e-01 5.172000000000001041e-01
-8.600999999999999757e-01 5.172000000000001041e-01
-8.628000000000000114e-01 5.194000000000000838e-01
-8.600999999999999757e-01 5.194000000000000838e-01
-8.573999999999999400e-01 5.194000000000000838e-01
-8.600999999999999757e-01 5.216000000000000636e-01
-8.573999999999999400e-01 5.216000000000000636e-01
-8.600999999999999757e-01 5.238000000000000433e-01
-8.573999999999999400e-01 5.238000000000000433e-01
-8.573999999999999400e-01 5.260000000000000231e-01
-8.547000000000000153e-01 5.260000000000000231e-01
-8.573999999999999400e-01 5.282000000000000028e-01
-8.547000000000000153e-01 5.282000000000000028e-01
-8.547000000000000153e-01 5.303999999999999826e-01
-8.519999999999999796e-01 5.303999999999999826e-01
-8.547000000000000153e-01 5.325999999999999623e-01
-8.519999999999999796e-01 5.325999999999999623e-01
-8.547000000000000153e-01 5.347999999999999421e-01
-8.519999999999999796e-01 5.347999999999999421e-01
-8.492999999999999439e-01 5.347999999999999421e-01
-8.519999999999999796e-01 5.370000000000001439e-01
-8.492999999999999439e-01 5.370000000000001439e-01
-8.519999999999999796e-01 5.392000000000001236e-01
-8.492999999999999439e-01 5.392000000000001236e-01
-8.466000000000000192e-01 5.392000000000001236e-01
-8.492999999999999439e-01 5.414000000000001034e-01
-8.466000000000000192e-01 5.414000000000001034e-01
-8.492999999999999439e-01 5.436000000000000831e-01
-8.466000000000000192e-01 5.436000000000000831e-01
-8.438999999999999835e-01 5.436000000000000831e-01
-8.466000000000000192e-01 5.458000000000000629e-01
-8.438999999999999835e-01 5.458000000000000629e-01
-8.466000000000000192e-01 5.480000000000000426e-01
-8.438999999999999835e-01 5.480000000000000426e-01
-8.411999999999999478e-01 5.480000000000000426e-01
-8.438999999999999835e-01 5.502000000000000224e-01
-8.411999999999999478e-01 5.502000000000000224e-01
-8.438999999999999835e-01 5.524000000000000021e-01
-8.411999999999999478e-01 5.524000000000000021e-01
-8.384999999999999121e-01 5.524000000000000021e-01
-8.411999999999999478e-01 5.545999999999999819e-01
-8.384999999999999121e-01 5.545999999999999819e-01
-8.384999999999999121e-01 5.567999999999999616e-01
-8.357999999999999874e-01 5.567999999999999616e-01
-8.384999999999999121e-01 5.589999999999999414e-01
-8.357999999999999874e-01 5.589999999999999414e-01
-8.357999999999999874e-01 5.612000000000001432e-01
-8.330999999999999517e-01 5.612000000000001432e-01
-8.357999999999999874e-01 5.634000000000001229e-01
-8.330999999999999517e-01 5.634000000000001229e-01
-8.330999999999999517e-01 5.656000000000001027e-01
-8.303999999999999160e-01 5.656000000000001027e-01
-8.330999999999999517e-01 5.678000000000000824e-01
-8.303999999999999160e-01 5.678000000000000824e-01
-8.303999999999999160e-01 5.700000000000000622e-01
-8.276999999999999913e-01 5.700000000000000622e-01
-8.303999999999999160e-01 5.722000000000000419e-01
-8.276999999999999913e-01 5.722000000000000419e-01
-8.249999999999999556e-01 5.722000000000000419e-01
-8.276999999999999913e-01 5.744000000000000217e-01
-8.249999999999999556e-01 5.744000000000000217e-01
-8.276999999999999913e-01 5.766000000000000014e-01
-8.249999999999999556e-01 5.766000000000000014e-01
-8.222999999999999199e-01 5.766000000000000014e-01
-8.249999999999999556e-01 5.787999999999999812e-01
-8.222999999999999199e-01 5.787999999999999812e-01
-8.222999999999999199e-01 5.809999999999999609e-01
-8.195999999999999952e-01 5.809999999999999609e-01
-8.222999999999999199e-01 5.831999999999999407e-01
-8.195999999999999952e-01 5.831999999999999407e-01
-8.195999999999999952e-01 5.854000000000001425e-01
-8.168999999999999595e-01 5.854000000000001425e-01
-8.195999999999999952e-01 5.876000000000001222e-01
-8.168999999999999595e-01 5.876000000000001222e-01
-8.168999999999999595e-01 5.898000000000001020e-01
-8.141999999999999238e-01 5.898000000000001020e-01
-8.168999999999999595e-01 5.920000000000000817e-01
-8.141999999999999238e-01 5.920000000000000817e-01
-8.114999999999999991e-01 5.920000000000000817e-01
-8.141999999999999238e-01 5.942000000000000615e-01
-8.114999999999999991e-01 5.942000000000000615e-01
-8.114999999999999991e-01 5.964000000000000412e-01
-8.087999999999999634e-01 5.964000000000000412e-01
-8.114999999999999991e-01 5.986000000000000210e-01
-8.087999999999999634e-01 5.986000000000000210e-01
-8.087999999999999634e-01 6.008000000000000007e-01
-8.060999999999999277e-01 6.008000000000000007e-01
-8.087999999999999634e-01 6.029999999999999805e-01
-8.060999999999999277e-01 6.029999999999999805e-01
-8.034000000000000030e-01 6.029999999999999805e-01
-8.060999999999999277e-01 6.051999999999999602e-01
-8.034000000000000030e-01 6.051999999999999602e-01
-8.034000000000000030e-01 6.073999999999999400e-01
-8.006999999999999673e-01 6.073999999999999400e-01
-8.034000000000000030e-01 6.096000000000001418e-01
-8.006999999999999673e-01 6.096000000000001418e-01
-8.006999999999999673e-01 6.118000000000001215e-01
-7.979999999999999316e-01 6.118000000000001215e-01
-7.979999999999999316e-01 6.140000000000001013e-01
-7.953000000000000069e-01 6.140000000000001013e-01
-7.979999999999999316e-01 6.162000000000000810e-01
-7.953000000000000069e-01 6.162000000000000810e-01
-7.953000000000000069e-01 6.184000000000000608e-01
-7.925999999999999712e-01 6.184000000000000608e-01
-7.953000000000000069e-01 6.206000000000000405e-01
-7.925999999999999712e-01 6.206000000000000405e-01
-7.898999999999999355e-01 6.206000000000000405e-01
-7.925999999999999712e-01 6.228000000000000203e-01
-7.898999999999999355e-01 6.228000000000000203e-01
-7.898999999999999355e-01 6.250000000000000000e-01
-7.872000000000000108e-01 6.250000000000000000e-01
-7.898999999999999355e-01 6.271999999999999797e-01
-7.872000000000000108e-01 6.271999999999999797e-01
-7.844999999999999751e-01 6.271999999999999797e-01
-7.872000000000000108e-01 6.293999999999999595e-01
-7.844999999999999751e-01 6.293999999999999595e-01
-7.844999999999999751e-01 6.315999999999999392e-01
-7.817999999999999394e-01 6.315999999999999392e-01
-7.844999999999999751e-01 6.338000000000001410e-01
-7.817999999999999394e-01 6.338000000000001410e-01
-7.791000000000000147e-01 6.338000000000001410e-01
-7.817999999999999394e-01 6.360000000000001208e-01
-7.791000000000000147e-01 6.360000000000001208e-01
-7.791000000000000147e-01 6.382000000000001005e-01
-7.763999999999999790e-01 6.382000000000001005e-01
-7.763999999999999790e-01 6.404000000000000803e-01
-7.736999999999999433e-01 6.404000000000000803e-01
-7.763999999999999790e-01 6.426000000000000600e-01
-7.736999999999999433e-01 6.426000000000000600e-01
-7.736999999999999433e-01 6.448000000000000398e-01
-7.709999999999999076e-01 6.448000000000000398e-01
-7.709999999999999076e-01 6.470000000000000195e-01
-7.682999999999999829e-01 6.470000000000000195e-01
-7.709999999999999076e-01 6.491999999999999993e-01
-7.682999999999999829e-01 6.491999999999999993e-01
-7.682999999999999829e-01 6.513999999999999790e-01
-7.655999999999999472e-01 6.513999999999999790e-01
-7.655999999999999472e-01 6.535999999999999588e-01
-7.628999999999999115e-01 6.535999999999999588e-01
-7.628999999999999115e-01 6.557999999999999385e-01
-7.601999999999999869e-01 6.557999999999999385e-01
-7.628999999999999115e-01 6.580000000000001403e-01
-7.601999999999999869e-01 6.580000000000001403e-01
-7.601999999999999869e-01 6.602000000000001201e-01
-7.574999999999999512e-01 6.602000000000001201e-01
-7.574999999999999512e-01 6.624000000000000998e-01
-7.547999999999999154e-01 6.624000000000000998e-01
-7.547999999999999154e-01 6.646000000000000796e-01
-7.520999999999999908e-01 6.646000000000000796e-01
-7.547999999999999154e-01 6.668000000000000593e-01
-7.520999999999999908e-01 6.668000000000000593e-01
-7.520999999999999908e-01 6.690000000000000391e-01
-7.493999999999999551e-01 6.690000000000000391e-01
-7.493999999999999551e-01 6.712000000000000188e-01
-7.466999999999999194e-01 6.712000000000000188e-01
-7.466999999999999194e-01 6.733999999999999986e-01
-7.439999999999999947e-01 6.733999999999999986e-01
-7.466999999999999194e-01 6.755999999999999783e-01
-7.439999999999999947e-01 6.755999999999999783e-01
-7.439999999999999947e-01 6.777999999999999581e-01
-7.412999999999999590e-01 6.777999999999999581e-01
-7.412999999999999590e-01 6.799999999999999378e-01
-7.385999999999999233e-01 6.799999999999999378e-01
-7.385999999999999233e-01 6.822000000000001396e-01
-7.358999999999999986e-01 6.822000000000001396e-01
-7.358999999999999986e-01 6.844000000000001194e-01
-7.331999999999999629e-01 6.844000000000001194e-01
-7.358999999999999986e-01 6.866000000000000991e-01
-7.331999999999999629e-01 6.866000000000000991e-01
-7.331999999999999629e-01 6.888000000000000789e-01
-7.304999999999999272e-01 6.888000000000000789e-01
-7.304999999999999272e-01 6.910000000000000586e-01
-7.278000000000000025e-01 6.910000000000000586e-01
-7.278000000000000025e-01 6.932000000000000384e-01
-7.250999999999999668e-01 6.932000000000000384e-01
-7.250999999999999668e-01 6.954000000000000181e-01
-7.223999999999999311e-01 6.954000000000000181e-01
-7.223999999999999311e-01 6.975999999999999979e-01
-7.197000000000000064e-01 6.975999999999999979e-01
-7.197000000000000064e-01 6.997999999999999776e-01
-7.169999999999999707e-01 6.997999999999999776e-01
-7.197000000000000064e-01 7.019999999999999574e-01
-7.169999999999999707e-01 7.019999999999999574e-01
-7.169999999999999707e-01 7.041999999999999371e-01
-7.142999999999999350e-01 7.041999999999999371e-01
-7.142999999999999350e-01 7.064000000000001389e-01
-7.116000000000000103e-01 7.064000000000001389e-01
-7.116000000000000103e-01 7.086000000000001187e-01
-7.088999999999999746e-01 7.086000000000001187e-01
-7.088999999999999746e-01 7.108000000000000984e-01
-7.061999999999999389e-01 7.108000000000000984e-01
-7.061999999999999389e-01 7.130000000000000782e-01
-7.034999999999999032e-01 7.130000000000000782e-01
-7.034999999999999032e-01 7.152000000000000579e-01
-7.007999999999999785e-01 7.152000000000000579e-01
-7.007999999999999785e-01 7.174000000000000377e-01
-6.980999999999999428e-01 7.174000000000000377e-01
-6.980999999999999428e-01 7.196000000000000174e-01
-6.953999999999999071e-01 7.196000000000000174e-01
-6.980999999999999428e-01 7.217999999999999972e-01
-6.953999999999999071e-01 7.217999999999999972e-01
-6.953999999999999071e-01 7.239999999999999769e-01
-6.926999999999999824e-01 7.239999999999999769e-01
-6.926999999999999824e-01 7.261999999999999567e-01
-6.899999999999999467e-01 7.261999999999999567e-01
-6.899999999999999467e-01 7.283999999999999364e-01
-6.872999999999999110e-01 7.283999999999999364e-01
-6.872999999999999110e-01 7.306000000000001382e-01
-6.845999999999999863e-01 7.306000000000001382e-01
-6.845999999999999863e-01 7.328000000000001180e-01
-6.818999999999999506e-01 7.328000000000001180e-01
-6.818999999999999506e-01 7.350000000000000977e-01
-6.791999999999999149e-01 7.350000000000000977e-01
-6.791999999999999149e-01 7.372000000000000774e-01
-6.764999999999999902e-01 7.372000000000000774e-01
-6.764999999999999902e-01 7.394000000000000572e-01
-6.737999999999999545e-01 7.394000000000000572e-01
-6.737999999999999545e-01 7.416000000000000369e-01
-6.710999999999999188e-01 7.416000000000000369e-01
-6.710999999999999188e-01 7.438000000000000167e-01
-6.683999999999999941e-01 7.438000000000000167e-01
-6.683999999999999941e-01 7.459999999999999964e-01
-6.656999999999999584e-01 7.459999999999999964e-01
-6.656999999999999584e-01 7.481999999999999762e-01
-6.629999999999999227e-01 7.481999999999999762e-01
-6.629999999999999227e-01 7.503999999999999559e-01
-6.602999999999999980e-01 7.503999999999999559e-01
-6.602999999999999980e-01 7.525999999999999357e-01
-6.575999999999999623e-01 7.525999999999999357e-01
-6.575999999999999623e-01 7.548000000000001375e-01
-6.548999999999999266e-01 7.548000000000001375e-01
-6.548999999999999266e-01 7.570000000000001172e-01
-6.522000000000000020e-01 7.570000000000001172e-01
-6.522000000000000020e-01 7.592000000000000970e-01
-6.494999999999999662e-01 7.592000000000000970e-01
-6.494999999999999662e-01 7.614000000000000767e-01
-6.467999999999999305e-01 7.614000000000000767e-01
-6.467999999999999305e-01 7.636000000000000565e-01
-6.441000000000000059e-01 7.636000000000000565e-01
-6.441000000000000059e-01 7.658000000000000362e-01
-6.413999999999999702e-01 7.658000000000000362e-01
-6.413999999999999702e-01 7.680000000000000160e-01
-6.386999999999999345e-01 7.680000000000000160e-01
-6.359999999999998987e-01 7.701999999999999957e-01
-6.332999999999999741e-01 7.701999999999999957e-01
-6.332999999999999741e-01 7.723999999999999755e-01
-6.305999999999999384e-01 7.723999999999999755e-01
-6.305999999999999384e-01 7.745999999999999552e-01
-6.278999999999999027e-01 7.745999999999999552e-01
-6.278999999999999027e-01 7.768000000000001570e-01
-6.251999999999999780e-01 7.768000000000001570e-01
-6.251999999999999780e-01 7.790000000000001368e-01
-6.224999999999999423e-01 7.790000000000001368e-01
-6.224999999999999423e-01 7.812000000000001165e-01
-6.197999999999999066e-01 7.812000000000001165e-01
-6.197999999999999066e-01 7.834000000000000963e-01
-6.170999999999999819e-01 7.834000000000000963e-01
-6.170999999999999819e-01 7.856000000000000760e-01
-6.143999999999999462e-01 7.856000000000000760e-01
-6.143999999999999462e-01 7.878000000000000558e-01
-6.116999999999999105e-01 7.878000000000000558e-01
-6.089999999999999858e-01 7.900000000000000355e-01
-6.062999999999999501e-01 7.900000000000000355e-01
-6.062999999999999501e-01 7.922000000000000153e-01
-6.035999999999999144e-01 7.922000000000000153e-01
-6.035999999999999144e-01 7.943999999999999950e-01
-6.008999999999999897e-01 7.943999999999999950e-01
-6.008999999999999897e-01 7.965999999999999748e-01
-5.981999999999999540e-01 7.965999999999999748e-01
-5.981999999999999540e-01 7.987999999999999545e-01
-5.954999999999999183e-01 7.987999999999999545e-01
-5.954999999999999183e-01 8.010000000000001563e-01
-5.927999999999999936e-01 8.010000000000001563e-01
-5.900999999999999579e-01 8.032000000000001361e-01
-5.873999999999999222e-01 8.032000000000001361e-01
-5.873999999999999222e-01 8.054000000000001158e-01
-5.846999999999999975e-01 8.054000000000001158e-01
-5.846999999999999975e-01 8.076000000000000956e-01
-5.819999999999999618e-01 8.076000000000000956e-01
-5.819999999999999618e-01 8.098000000000000753e-01
-5.792999999999999261e-01 8.098000000000000753e-01
-5.792999999999999261e-01 8.120000000000000551e-01
-5.766000000000000014e-01 8.120000000000000551e-01
-5.738999999999999657e-01 8.142000000000000348e-01
-5.711999999999999300e-01 8.142000000000000348e-01
-5.711999999999999300e-01 8.164000000000000146e-01
-5.685000000000000053e-01 8.164000000000000146e-01
-5.685000000000000053e-01 8.186000000000002164e-01
-5.657999999999999696e-01 8.186000000000002164e-01
-5.657999999999999696e-01 8.208000000000001961e-01
-5.630999999999999339e-01 8.208000000000001961e-01
-5.603999999999998982e-01 8.230000000000001759e-01
-5.576999999999999735e-01 8.230000000000001759e-01
-5.576999999999999735e-01 8.252000000000001556e-01
-5.549999999999999378e-01 8.252000000000001556e-01
-5.549999999999999378e-01 8.274000000000001354e-01
-5.522999999999999021e-01 8.274000000000001354e-01
-5.522999999999999021e-01 8.296000000000001151e-01
-5.495999999999999774e-01 8.296000000000001151e-01
-5.468999999999999417e-01 8.318000000000000949e-01
-5.441999999999999060e-01 8.318000000000000949e-01
-5.441999999999999060e-01 8.340000000000000746e-01
-5.414999999999999813e-01 8.340000000000000746e-01
-5.414999999999999813e-01 8.362000000000000544e-01
-5.387999999999999456e-01 8.362000000000000544e-01
-5.387999999999999456e-01 8.384000000000000341e-01
-5.360999999999999099e-01 8.384000000000000341e-01
-5.333999999999999853e-01 8.406000000000000139e-01
-5.306999999999999496e-01 8.406000000000000139e-01
-5.306999999999999496e-01 8.428000000000002156e-01
-5.279999999999999138e-01 8.428000000000002156e-01
-5.279999999999999138e-01 8.450000000000001954e-01
-5.252999999999999892e-01 8.450000000000001954e-01
-5.225999999999999535e-01 8.472000000000001751e-01
-5.198999999999999178e-01 8.472000000000001751e-01
-5.198999999999999178e-01 8.494000000000001549e-01
-5.171999999999999931e-01 8.494000000000001549e-01
-5.171999999999999931e-01 8.516000000000001346e-01
-5.144999999999999574e-01 8.516000000000001346e-01
-5.117999999999999217e-01 8.538000000000001144e-01
-5.090999999999999970e-01 8.538000000000001144e-01
-5.090999999999999970e-01 8.560000000000000941e-01
-5.063999999999999613e-01 8.560000000000000941e-01
-5.063999999999999613e-01 8.582000000000000739e-01
-5.036999999999999256e-01 8.582000000000000739e-01
-5.010000000000000009e-01 8.604000000000000536e-01
-4.982999999999999652e-01 8.604000000000000536e-01
-4.982999999999999652e-01 8.626000000000000334e-01
-4.956000000000000405e-01 8.626000000000000334e-01
-4.956000000000000405e-01 8.648000000000000131e-01
-4.928999999999998938e-01 8.648000000000000131e-01
-4.901999999999999691e-01 8.670000000000002149e-01
-4.875000000000000444e-01 8.670000000000002149e-01
-4.875000000000000444e-01 8.692000000000001947e-01
-4.847999999999998977e-01 8.692000000000001947e-01
-4.820999999999999730e-01 8.714000000000001744e-01
-4.794000000000000483e-01 8.714000000000001744e-01
-4.794000000000000483e-01 8.736000000000001542e-01
-4.766999999999999016e-01 8.736000000000001542e-01
-4.766999999999999016e-01 8.758000000000001339e-01
-4.739999999999999769e-01 8.758000000000001339e-01
-4.713000000000000522e-01 8.780000000000001137e-01
-4.685999999999999055e-01 8.780000000000001137e-01
-4.685999999999999055e-01 8.802000000000000934e-01
-4.658999999999999808e-01 8.802000000000000934e-01
-4.632000000000000561e-01 8.824000000000000732e-01
-4.604999999999999094e-01 8.824000000000000732e-01
-4.604999999999999094e-01 8.846000000000000529e-01
-4.577999999999999847e-01 8.846000000000000529e-01
-4.577999999999999847e-01 8.868000000000000327e-01
-4.550999999999998380e-01 8.868000000000000327e-01
-4.523999999999999133e-01 8.890000000000000124e-01
-4.496999999999999886e-01 8.890000000000000124e-01
-4.496999999999999886e-01 8.912000000000002142e-01
-4.469999999999998419e-01 8.912000000000002142e-01
-4.442999999999999172e-01 8.934000000000001940e-01
-4.415999999999999925e-01 8.934000000000001940e-01
-4.415999999999999925e-01 8.956000000000001737e-01
-4.388999999999998458e-01 8.956000000000001737e-01
-4.361999999999999211e-01 8.978000000000001535e-01
-4.334999999999999964e-01 8.978000000000001535e-01
-4.334999999999999964e-01 9.000000000000001332e-01
-4.307999999999998497e-01 9.000000000000001332e-01
-4.307999999999998497e-01 9.022000000000001130e-01
-4.280999999999999250e-01 9.022000000000001130e-01
-4.254000000000000004e-01 9.022000000000001130e-01
-4.254000000000000004e-01 9.044000000000000927e-01
-4.226999999999998536e-01 9.044000000000000927e-01
-4.226999999999998536e-01 9.066000000000000725e-01
-4.199999999999999289e-01 9.066000000000000725e-01
-4.173000000000000043e-01 9.066000000000000725e-01
-4.173000000000000043e-01 9.088000000000000522e-01
-4.145999999999998575e-01 9.088000000000000522e-01
-4.145999999999998575e-01 9.110000000000000320e-01
-4.118999999999999329e-01 9.110000000000000320e-01
-4.092000000000000082e-01 9.110000000000000320e-01
-4.092000000000000082e-01 9.132000000000000117e-01
-4.064999999999998614e-01 9.132000000000000117e-01
-4.064999999999998614e-01 9.154000000000002135e-01
-4.037999999999999368e-01 9.154000000000002135e-01
-4.011000000000000121e-01 9.154000000000002135e-01
-4.011000000000000121e-01 9.176000000000001933e-01
-3.983999999999998654e-01 9.176000000000001933e-01
-3.983999999999998654e-01 9.198000000000001730e-01
-3.956999999999999407e-01 9.198000000000001730e-01
-3.930000000000000160e-01 9.198000000000001730e-01
-3.930000000000000160e-01 9.220000000000001528e-01
-3.902999999999998693e-01 9.220000000000001528e-01
-3.902999999999998693e-01 9.242000000000001325e-01
-3.875999999999999446e-01 9.242000000000001325e-01
-3.849000000000000199e-01 9.242000000000001325e-01
-3.849000000000000199e-01 9.264000000000001123e-01
-3.821999999999998732e-01 9.264000000000001123e-01
-3.821999999999998732e-01 9.286000000000000920e-01
-3.794999999999999485e-01 9.286000000000000920e-01
-3.768000000000000238e-01 9.286000000000000920e-01
-3.768000000000000238e-01 9.308000000000000718e-01
-3.740999999999998771e-01 9.308000000000000718e-01
-3.740999999999998771e-01 9.330000000000000515e-01
-3.713999999999999524e-01 9.330000000000000515e-01
-3.687000000000000277e-01 9.330000000000000515e-01
-3.687000000000000277e-01 9.352000000000000313e-01
-3.659999999999998810e-01 9.352000000000000313e-01
-3.659999999999998810e-01 9.374000000000000110e-01
-3.632999999999999563e-01 9.374000000000000110e-01
-3.606000000000000316e-01 9.374000000000000110e-01
-3.606000000000000316e-01 9.396000000000002128e-01
-3.578999999999998849e-01 9.396000000000002128e-01
-3.551999999999999602e-01 9.418000000000001926e-01
-3.525000000000000355e-01 9.418000000000001926e-01
-3.525000000000000355e-01 9.440000000000001723e-01
-3.497999999999998888e-01 9.440000000000001723e-01
-3.470999999999999641e-01 9.462000000000001521e-01
-3.444000000000000394e-01 9.462000000000001521e-01
-3.444000000000000394e-01 9.484000000000001318e-01
-3.416999999999998927e-01 9.484000000000001318e-01
-3.389999999999999680e-01 9.506000000000001116e-01
-3.363000000000000433e-01 9.506000000000001116e-01
-3.363000000000000433e-01 9.528000000000000913e-01
-3.335999999999998966e-01 9.528000000000000913e-01
-3.308999999999999719e-01 9.528000000000000913e-01
-3.308999999999999719e-01 9.550000000000000711e-01
-3.282000000000000473e-01 9.550000000000000711e-01
-3.282000000000000473e-01 9.572000000000000508e-01
-3.254999999999999005e-01 9.572000000000000508e-01
-3.227999999999999758e-01 9.572000000000000508e-01
-3.227999999999999758e-01 9.594000000000000306e-01
-3.200999999999998291e-01 9.594000000000000306e-01
-3.200999999999998291e-01 9.616000000000000103e-01
-3.173999999999999044e-01 9.616000000000000103e-01
-3.146999999999999797e-01 9.616000000000000103e-01
-3.146999999999999797e-01 9.638000000000002121e-01
-3.119999999999998330e-01 9.638000000000002121e-01
-3.092999999999999083e-01 9.660000000000001918e-01
-3.065999999999999837e-01 9.660000000000001918e-01
-3.065999999999999837e-01 9.682000000000001716e-01
-3.038999999999998369e-01 9.682000000000001716e-01
-3.011999999999999122e-01 9.682000000000001716e-01
-3.011999999999999122e-01 9.704000000000001513e-01
-2.984999999999999876e-01 9.704000000000001513e-01
-2.984999999999999876e-01 9.726000000000001311e-01
-2.957999999999998408e-01 9.726000000000001311e-01
-2.930999999999999162e-01 9.726000000000001311e-01
-2.930999999999999162e-01 9.748000000000001108e-01
-2.903999999999999915e-01 9.748000000000001108e-01
-2.876999999999998447e-01 9.770000000000000906e-01
-2.849999999999999201e-01 9.770000000000000906e-01
-2.849999999999999201e-01 9.792000000000000703e-01
-2.822999999999999954e-01 9.792000000000000703e-01
-2.795999999999998487e-01 9.792000000000000703e-01
-2.795999999999998487e-01 9.814000000000000501e-01
-2.768999999999999240e-01 9.814000000000000501e-01
-2.768999999999999240e-01 9.836000000000000298e-01
-2.741999999999999993e-01 9.836000000000000298e-01
-2.714999999999998526e-01 9.836000000000000298e-01
-2.714999999999998526e-01 9.858000000000000096e-01
-2.687999999999999279e-01 9.858000000000000096e-01
-2.661000000000000032e-01 9.880000000000002114e-01
-2.633999999999998565e-01 9.880000000000002114e-01
-2.633999999999998565e-01 9.902000000000001911e-01
-2.606999999999999318e-01 9.902000000000001911e-01
-2.580000000000000071e-01 9.902000000000001911e-01
-2.580000000000000071e-01 9.924000000000001709e-01
-2.552999999999998604e-01 9.924000000000001709e-01
-2.552999999999998604e-01 9.946000000000001506e-01
-2.525999999999999357e-01 9.946000000000001506e-01
-2.499000000000000110e-01 9.946000000000001506e-01
-2.499000000000000110e-01 9.968000000000001304e-01
-2.471999999999998643e-01 9.968000000000001304e-01
-2.444999999999999396e-01 9.968000000000001304e-01
-2.444999999999999396e-01 9.990000000000001101e-01
-2.418000000000000149e-01 9.990000000000001101e-01
-2.418000000000000149e-01 1.001200000000000090e+00
-2.390999999999998682e-01 1.001200000000000090e+00
-2.363999999999999435e-01 1.001200000000000090e+00
-2.363999999999999435e-01 1.003400000000000070e+00
-2.337000000000000188e-01 1.003400000000000070e+00
-2.309999999999998721e-01 1.003400000000000070e+00
-2.337000000000000188e-01 1.005600000000000049e+00
-2.309999999999998721e-01 1.005600000000000049e+00
-2.282999999999999474e-01 1.005600000000000049e+00
-2.282999999999999474e-01 1.007800000000000029e+00
-2.256000000000000227e-01 1.007800000000000029e+00
-2.228999999999998760e-01 1.007800000000000029e+00
-2.228999999999998760e-01 1.010000000000000009e+00
-2.201999999999999513e-01 1.010000000000000009e+00
-2.201999999999999513e-01 1.012200000000000211e+00
-2.175000000000000266e-01 1.012200000000000211e+00
-2.147999999999998799e-01 1.012200000000000211e+00
-2.147999999999998799e-01 1.014400000000000190e+00
-2.120999999999999552e-01 1.014400000000000190e+00
-2.094000000000000306e-01 1.014400000000000190e+00
-2.094000000000000306e-01 1.016600000000000170e+00
-2.066999999999998838e-01 1.016600000000000170e+00
-2.066999999999998838e-01 1.018800000000000150e+00
-2.039999999999999591e-01 1.018800000000000150e+00
-2.013000000000000345e-01 1.018800000000000150e+00
-2.013000000000000345e-01 1.021000000000000130e+00
-1.985999999999998877e-01 1.021000000000000130e+00
-1.958999999999999631e-01 1.021000000000000130e+00
-1.958999999999999631e-01 1.023200000000000109e+00
-1.932000000000000384e-01 1.023200000000000109e+00
-1.932000000000000384e-01 1.025400000000000089e+00
-1.904999999999998916e-01 1.025400000000000089e+00
-1.877999999999999670e-01 1.025400000000000089e+00
-1.877999999999999670e-01 1.027600000000000069e+00
-1.850999999999998202e-01 1.027600000000000069e+00
-1.823999999999998956e-01 1.027600000000000069e+00
-1.850999999999998202e-01 1.029800000000000049e+00
-1.823999999999998956e-01 1.029800000000000049e+00
-1.796999999999999709e-01 1.029800000000000049e+00
-1.796999999999999709e-01 1.032000000000000028e+00
-1.769999999999998241e-01 1.032000000000000028e+00
-1.742999999999998995e-01 1.032000000000000028e+00
-1.742999999999998995e-01 1.034200000000000008e+00
-1.715999999999999748e-01 1.034200000000000008e+00
-1.688999999999998280e-01 1.034200000000000008e+00
-1.715999999999999748e-01 1.036400000000000210e+00
-1.688999999999998280e-01 1.036400000000000210e+00
-1.661999999999999034e-01 1.036400000000000210e+00
-1.661999999999999034e-01 1.038600000000000190e+00
-1.634999999999999787e-01 1.038600000000000190e+00
-1.607999999999998320e-01 1.038600000000000190e+00
-1.607999999999998320e-01 1.040800000000000169e+00
-1.580999999999999073e-01 1.040800000000000169e+00
-1.553999999999999826e-01 1.040800000000000169e+00
-1.580999999999999073e-01 1.043000000000000149e+00
-1.553999999999999826e-01 1.043000000000000149e+00
-1.526999999999998359e-01 1.043000000000000149e+00
-1.526999999999998359e-01 1.045200000000000129e+00
-1.499999999999999112e-01 1.045200000000000129e+00
-1.472999999999999865e-01 1.045200000000000129e+00
-1.472999999999999865e-01 1.047400000000000109e+00
-1.445999999999998398e-01 1.047400000000000109e+00
-1.418999999999999151e-01 1.047400000000000109e+00
-1.445999999999998398e-01 1.049600000000000088e+00
-1.418999999999999151e-01 1.049600000000000088e+00
-1.391999999999999904e-01 1.049600000000000088e+00
-1.391999999999999904e-01 1.051800000000000068e+00
-1.364999999999998437e-01 1.051800000000000068e+00
-1.337999999999999190e-01 1.051800000000000068e+00
-1.337999999999999190e-01 1.054000000000000048e+00
-1.310999999999999943e-01 1.054000000000000048e+00
-1.283999999999998476e-01 1.054000000000000048e+00
-1.310999999999999943e-01 1.056200000000000028e+00
-1.283999999999998476e-01 1.056200000000000028e+00
-1.256999999999999229e-01 1.056200000000000028e+00
-1.256999999999999229e-01 1.058400000000000230e+00
-1.229999999999999982e-01 1.058400000000000230e+00
-1.202999999999998515e-01 1.058400000000000230e+00
-1.202999999999998515e-01 1.060600000000000209e+00
-1.175999999999999268e-01 1.060600000000000209e+00
-1.149000000000000021e-01 1.060600000000000209e+00
-1.175999999999999268e-01 1.062800000000000189e+00
-1.149000000000000021e-01 1.062800000000000189e+00
-1.121999999999998554e-01 1.062800000000000189e+00
-1.121999999999998554e-01 1.065000000000000169e+00
-1.094999999999999307e-01 1.065000000000000169e+00
-1.068000000000000060e-01 1.065000000000000169e+00
-1.068000000000000060e-01 1.067200000000000149e+00
-1.040999999999998593e-01 1.067200000000000149e+00
-1.013999999999999346e-01 1.067200000000000149e+00
-1.040999999999998593e-01 1.069400000000000128e+00
-1.013999999999999346e-01 1.069400000000000128e+00
-9.870000000000000995e-02 1.069400000000000128e+00
-9.870000000000000995e-02 1.071600000000000108e+00
-9.599999999999986322e-02 1.071600000000000108e+00
-9.329999999999993854e-02 1.071600000000000108e+00
-9.329999999999993854e-02 1.073800000000000088e+00
-9.060000000000001386e-02 1.073800000000000088e+00
-8.789999999999986713e-02 1.073800000000000088e+00
-9.060000000000001386e-02 1.076000000000000068e+00
-8.789999999999986713e-02 1.076000000000000068e+00
-8.519999999999994245e-02 1.076000000000000068e+00
-8.519999999999994245e-02 1.078200000000000047e+00
-8.250000000000001776e-02 1.078200000000000047e+00
-7.979999999999987104e-02 1.078200000000000047e+00
-8.250000000000001776e-02 1.080400000000000027e+00
-7.979999999999987104e-02 1.080400000000000027e+00
-7.709999999999994635e-02 1.080400000000000027e+00
-7.440000000000002167e-02 1.080400000000000027e+00
-7.709999999999994635e-02 1.082600000000000229e+00
-7.440000000000002167e-02 1.082600000000000229e+00
-7.169999999999987494e-02 1.082600000000000229e+00
-7.169999999999987494e-02 1.084800000000000209e+00
-6.899999999999995026e-02 1.084800000000000209e+00
-6.630000000000002558e-02 1.084800000000000209e+00
-6.899999999999995026e-02 1.087000000000000188e+00
-6.630000000000002558e-02 1.087000000000000188e+00
-6.359999999999987885e-02 1.087000000000000188e+00
-6.089999999999995417e-02 1.087000000000000188e+00
-6.359999999999987885e-02 1.089200000000000168e+00
-6.089999999999995417e-02 1.089200000000000168e+00
-5.820000000000002949e-02 1.089200000000000168e+00
-5.549999999999988276e-02 1.089200000000000168e+00
-5.820000000000002949e-02 1.091400000000000148e+00
-5.549999999999988276e-02 1.091400000000000148e+00
-5.279999999999995808e-02 1.091400000000000148e+00
-5.549999999999988276e-02 1.093600000000000128e+00
-5.279999999999995808e-02 1.093600000000000128e+00
-5.010000000000003340e-02 1.093600000000000128e+00
-4.739999999999988667e-02 1.093600000000000128e+00
-5.010000000000003340e-02 1.095800000000000107e+00
-4.739999999999988667e-02 1.095800000000000107e+00
-4.469999999999996199e-02 1.095800000000000107e+00
-4.199999999999981526e-02 1.095800000000000107e+00
-4.469999999999996199e-02 1.098000000000000087e+00
-4.199999999999981526e-02 1.098000000000000087e+00
-3.929999999999989058e-02 1.098000000000000087e+00
-4.199999999999981526e-02 1.100200000000000067e+00
-3.929999999999989058e-02 1.100200000000000067e+00
-3.659999999999996589e-02 1.100200000000000067e+00
-3.389999999999981917e-02 1.100200000000000067e+00
-3.659999999999996589e-02 1.102400000000000047e+00
-3.389999999999981917e-02 1.102400000000000047e+00
-3.119999999999989448e-02 1.102400000000000047e+00
-2.849999999999996980e-02 1.102400000000000047e+00
-3.119999999999989448e-02 1.104600000000000026e+00
-2.849999999999996980e-02 1.104600000000000026e+00
-2.579999999999982307e-02 1.104600000000000026e+00
-2.849999999999996980e-02 1.106800000000000228e+00
-2.579999999999982307e-02 1.106800000000000228e+00
-2.309999999999989839e-02 1.106800000000000228e+00
-2.039999999999997371e-02 1.106800000000000228e+00
-2.309999999999989839e-02 1.109000000000000208e+00
-2.039999999999997371e-02 1.109000000000000208e+00
-1.769999999999982698e-02 1.109000000000000208e+00
-1.499999999999990230e-02 1.109000000000000208e+00
-1.769999999999982698e-02 1.111200000000000188e+00
-1.499999999999990230e-02 1.111200000000000188e+00
-1.229999999999997762e-02 1.111200000000000188e+00
-1.499999999999990230e-02 1.113400000000000167e+00
-1.229999999999997762e-02 1.113400000000000167e+00
-9.599999999999830891e-03 1.113400000000000167e+00
-6.899999999999906208e-03 1.113400000000000167e+00
-9.599999999999830891e-03 1.115600000000000147e+00
-6.899999999999906208e-03 1.115600000000000147e+00
-4.199999999999981526e-03 1.115600000000000147e+00
-1.499999999999834799e-03 1.115600000000000147e+00
-4.199999999999981526e-03 1.117800000000000127e+00
-1.499999999999834799e-03 1.117800000000000127e+00
1.200000000000089884e-03 1.117800000000000127e+00
-1.499999999999834799e-03 1.120000000000000107e+00
1.200000000000089884e-03 1.120000000000000107e+00
3.900000000000014566e-03 1.120000000000000107e+00
6.600000000000161293e-03 1.120000000000000107e+00
3.900000000000014566e-03 1.122200000000000086e+00
6.600000000000161293e-03 1.122200000000000086e+00
9.300000000000085976e-03 1.122200000000000086e+00
1.200000000000001066e-02 1.122200000000000086e+00
9.300000000000085976e-03 1.124400000000000066e+00
1.200000000000001066e-02 1.124400000000000066e+00
1.470000000000015739e-02 1.124400000000000066e+00
1.200000000000001066e-02 1.126600000000000046e+00
1.470000000000015739e-02 1.126600000000000046e+00
1.740000000000008207e-02 1.126600000000000046e+00
2.010000000000000675e-02 1.126600000000000046e+00
1.740000000000008207e-02 1.128800000000000026e+00
2.010000000000000675e-02 1.128800000000000026e+00
2.280000000000015348e-02 1.128800000000000026e+00
2.550000000000007816e-02 1.128800000000000026e+00
2.010000000000000675e-02 1.131000000000000227e+00
2.280000000000015348e-02 1.131000000000000227e+00
2.550000000000007816e-02 1.131000000000000227e+00
2.820000000000000284e-02 1.131000000000000227e+00
2.550000000000007816e-02 1.133200000000000207e+00
2.820000000000000284e-02 1.133200000000000207e+00
3.090000000000014957e-02 1.133200000000000207e+00
3.360000000000007425e-02 1.133200000000000207e+00
3.090000000000014957e-02 1.135400000000000187e+00
3.360000000000007425e-02 1.135400000000000187e+00
3.629999999999999893e-02 1.135400000000000187e+00
3.900000000000014566e-02 1.135400000000000187e+00
3.360000000000007425e-02 1.137600000000000167e+00
3.629999999999999893e-02 1.137600000000000167e+00
3.900000000000014566e-02 1.137600000000000167e+00
4.170000000000007034e-02 1.137600000000000167e+00
3.900000000000014566e-02 1.139800000000000146e+00
4.170000000000007034e-02 1.139800000000000146e+00
4.439999999999999503e-02 1.139800000000000146e+00
4.710000000000014175e-02 1.139800000000000146e+00
4.439999999999999503e-02 1.142000000000000126e+00
4.710000000000014175e-02 1.142000000000000126e+00
4.980000000000006644e-02 1.142000000000000126e+00
5.249999999999999112e-02 1.142000000000000126e+00
4.710000000000014175e-02 1.144200000000000106e+00
4.980000000000006644e-02 1.144200000000000106e+00
5.249999999999999112e-02 1.144200000000000106e+00
5.520000000000013785e-02 1.144200000000000106e+00
5.249999999999999112e-02 1.146400000000000086e+00
5.520000000000013785e-02 1.146400000000000086e+00
5.790000000000006253e-02 1.146400000000000086e+00
6.059999999999998721e-02 1.146400000000000086e+00
5.790000000000006253e-02 1.148600000000000065e+00
6.059999999999998721e-02 1.148600000000000065e+00
6.330000000000013394e-02 1.148600000000000065e+00
6.600000000000005862e-02 1.148600000000000065e+00
6.059999999999998721e-02 1.150800000000000045e+00
6.330000000000013394e-02 1.150800000000000045e+00
6.600000000000005862e-02 1.150800000000000045e+00
6.869999999999998330e-02 1.150800000000000045e+00
6.600000000000005862e-02 1.153000000000000025e+00
6.869999999999998330e-02 1.153000000000000025e+00
7.140000000000013003e-02 1.153000000000000025e+00
7.410000000000005471e-02 1.153000000000000025e+00
6.869999999999998330e-02 1.155200000000000227e+00
7.140000000000013003e-02 1.155200000000000227e+00
7.410000000000005471e-02 1.155200000000000227e+00
7.679999999999997939e-02 1.155200000000000227e+00
7.950000000000012612e-02 1.155200000000000227e+00
7.410000000000005471e-02 1.157400000000000206e+00
7.679999999999997939e-02 1.157400000000000206e+00
7.950000000000012612e-02 1.157400000000000206e+00
8.220000000000005080e-02 1.157400000000000206e+00
7.950000000000012612e-02 1.159600000000000186e+00
8.220000000000005080e-02 1.159600000000000186e+00
8.489999999999997549e-02 1.159600000000000186e+00
8.760000000000012221e-02 1.159600000000000186e+00
8.220000000000005080e-02 1.161800000000000166e+00
8.489999999999997549e-02 1.161800000000000166e+00
8.760000000000012221e-02 1.161800000000000166e+00
9.030000000000004690e-02 1.161800000000000166e+00
8.760000000000012221e-02 1.164000000000000146e+00
9.030000000000004690e-02 1.164000000000000146e+00
9.300000000000019362e-02 1.164000000000000146e+00
9.570000000000011831e-02 1.164000000000000146e+00
9.030000000000004690e-02 1.166200000000000125e+00
9.300000000000019362e-02 1.166200000000000125e+00
9.570000000000011831e-02 1.166200000000000125e+00
9.840000000000004299e-02 1.166200000000000125e+00
1.011000000000001897e-01 1.166200000000000125e+00
9.570000000000011831e-02 1.168400000000000105e+00
9.840000000000004299e-02 1.168400000000000105e+00
1.011000000000001897e-01 1.168400000000000105e+00
1.038000000000001144e-01 1.168400000000000105e+00
1.011000000000001897e-01 1.170600000000000085e+00
1.038000000000001144e-01 1.170600000000000085e+00
1.065000000000000391e-01 1.170600000000000085e+00
1.092000000000001858e-01 1.170600000000000085e+00
1.038000000000001144e-01 1.172800000000000065e+00
1.065000000000000391e-01 1.172800000000000065e+00
1.092000000000001858e-01 1.172800000000000065e+00
1.119000000000001105e-01 1.172800000000000065e+00
1.146000000000000352e-01 1.172800000000000065e+00
1.092000000000001858e-01 1.175000000000000044e+00
1.119000000000001105e-01 1.175000000000000044e+00
1.146000000000000352e-01 1.175000000000000044e+00
1.173000000000001819e-01 1.175000000000000044e+00
1.119000000000001105e-01 1.177200000000000024e+00
1.146000000000000352e-01 1.177200000000000024e+00
1.173000000000001819e-01 1.177200000000000024e+00
1.200000000000001066e-01 1.177200000000000024e+00
1.227000000000000313e-01 1.177200000000000024e+00
1.173000000000001819e-01 1.179400000000000226e+00
1.200000000000001066e-01 1.179400000000000226e+00
1.227000000000000313e-01 1.179400000000000226e+00
1.254000000000001780e-01 1.179400000000000226e+00
1.227000000000000313e-01 1.181600000000000206e+00
1.254000000000001780e-01 1.181600000000000206e+00
1.281000000000001027e-01 1.181600000000000206e+00
1.308000000000000274e-01 1.181600000000000206e+00
1.254000000000001780e-01 1.183800000000000185e+00
1.281000000000001027e-01 1.183800000000000185e+00
1.308000000000000274e-01 1.183800000000000185e+00
1.335000000000001741e-01 1.183800000000000185e+00
1.362000000000000988e-01 1.183800000000000185e+00
1.308000000000000274e-01 1.186000000000000165e+00
1.335000000000001741e-01 1.186000000000000165e+00
1.362000000000000988e-01 1.186000000000000165e+00
1.389000000000000234e-01 1.186000000000000165e+00
1.335000000000001741e-01 1.188200000000000145e+00
1.362000000000000988e-01 1.188200000000000145e+00
1.389000000000000234e-01 1.188200000000000145e+00
1.416000000000001702e-01 1.188200000000000145e+00
1.443000000000000949e-01 1.188200000000000145e+00
1.389000000000000234e-01 1.190400000000000125e+00
1.416000000000001702e-01 1.190400000000000125e+00
1.443000000000000949e-01 1.190400000000000125e+00
1.470000000000000195e-01 1.190400000000000125e+00
1.443000000000000949e-01 1.192600000000000104e+00
1.470000000000000195e-01 1.192600000000000104e+00
1.497000000000001663e-01 1.192600000000000104e+00
1.524000000000000909e-01 1.192600000000000104e+00
1.470000000000000195e-01 1.194800000000000084e+00
1.497000000000001663e-01 1.194800000000000084e+00
1.524000000000000909e-01 1.194800000000000084e+00
1.551000000000000156e-01 1.194800000000000084e+00
1.578000000000001624e-01 1.194800000000000084e+00
1.524000000000000909e-01 1.197000000000000064e+00
1.551000000000000156e-01 1.197000000000000064e+00
1.578000000000001624e-01 1.197000000000000064e+00
1.605000000000000870e-01 1.197000000000000064e+00
1.551000000000000156e-01 1.199200000000000044e+00
1.578000000000001624e-01 1.199200000000000044e+00
1.605000000000000870e-01 1.199200000000000044e+00
1.632000000000000117e-01 1.199200000000000044e+00
1.659000000000001585e-01 1.199200000000000044e+00
1.605000000000000870e-01 1.201400000000000023e+00
1.632000000000000117e-01 1.201400000000000023e+00
1.659000000000001585e-01 1.201400000000000023e+00
1.686000000000000831e-01 1.201400000000000023e+00
1.632000000000000117e-01 1.203600000000000225e+00
1.659000000000001585e-01 1.203600000000000225e+00
1.686000000000000831e-01 1.203600000000000225e+00
1.713000000000000078e-01 1.203600000000000225e+00
1.740000000000001545e-01 1.203600000000000225e+00
1.686000000000000831e-01 1.205800000000000205e+00
1.713000000000000078e-01 1.205800000000000205e+00
1.740000000000001545e-01 1.205800000000000205e+00
1.767000000000000792e-01 1.205800000000000205e+00
1.794000000000000039e-01 1.205800000000000205e+00
1.713000000000000078e-01 1.208000000000000185e+00
1.740000000000001545e-01 1.208000000000000185e+00
1.767000000000000792e-01 1.208000000000000185e+00
1.794000000000000039e-01 1.208000000000000185e+00
1.821000000000001506e-01 1.208000000000000185e+00
1.767000000000000792e-01 1.210200000000000164e+00
1.794000000000000039e-01 1.210200000000000164e+00
1.821000000000001506e-01 1.210200000000000164e+00
1.848000000000000753e-01 1.210200000000000164e+00
1.875000000000000000e-01 1.210200000000000164e+00
1.821000000000001506e-01 1.212400000000000144e+00
1.848000000000000753e-01 1.212400000000000144e+00
1.875000000000000000e-01 1.212400000000000144e+00
1.902000000000001467e-01 1.212400000000000144e+00
1.848000000000000753e-01 1.214600000000000124e+00
1.875000000000000000e-01 1.214600000000000124e+00
1.902000000000001467e-01 1.214600000000000124e+00
1.929000000000000714e-01 1.214600000000000124e+00
1.955999999999999961e-01 1.214600000000000124e+00
1.902000000000001467e-01 1.216800000000000104e+00
1.929000000000000714e-01 1.216800000000000104e+00
1.955999999999999961e-01 1.216800000000000104e+00
1.983000000000001428e-01 1.216800000000000104e+00
1.929000000000000714e-01 1.219000000000000083e+00
1.955999999999999961e-01 1.219000000000000083e+00
1.983000000000001428e-01 1.219000000000000083e+00
2.010000000000000675e-01 1.219000000000000083e+00
2.036999999999999922e-01 1.219000000000000083e+00
1.983000000000001428e-01 1.221200000000000063e+00
2.010000000000000675e-01 1.221200000000000063e+00
2.036999999999999922e-01 1.221200000000000063e+00
2.064000000000001389e-01 1.221200000000000063e+00
2.091000000000000636e-01 1.221200000000000063e+00
2.010000000000000675e-01 1.223400000000000043e+00
2.036999999999999922e-01 1.223400000000000043e+00
2.064000000000001389e-01 1.223400000000000043e+00
2.091000000000000636e-01 1.223400000000000043e+00
2.117999999999999883e-01 1.223400000000000043e+00
2.064000000000001389e-01 1.225600000000000023e+00
2.091000000000000636e-01 1.225600000000000023e+00
2.117999999999999883e-01 1.225600000000000023e+00
2.145000000000001350e-01 1.225600000000000023e+00
2.172000000000000597e-01 1.225600000000000023e+00
2.091000000000000636e-01 1.227800000000000225e+00
2.117999999999999883e-01 1.227800000000000225e+00
2.145000000000001350e-01 1.227800000000000225e+00
2.172000000000000597e-01 1.227800000000000225e+00
2.198999999999999844e-01 1.227800000000000225e+00
2.145000000000001350e-01 1.230000000000000204e+00
2.172000000000000597e-01 1.230000000000000204e+00
2.198999999999999844e-01 1.230000000000000204e+00
2.226000000000001311e-01 1.230000000000000204e+00
2.253000000000000558e-01 1.230000000000000204e+00
2.172000000000000597e-01 1.232200000000000184e+00
2.198999999999999844e-01 1.232200000000000184e+00
2.226000000000001311e-01 1.232200000000000184e+00
2.253000000000000558e-01 1.232200000000000184e+00
2.280000000000002025e-01 1.232200000000000184e+00
2.226000000000001311e-01 1.234400000000000164e+00
2.253000000000000558e-01 1.234400000000000164e+00
2.280000000000002025e-01 1.234400000000000164e+00
2.307000000000001272e-01 1.234400000000000164e+00
2.334000000000000519e-01 1.234400000000000164e+00
2.253000000000000558e-01 1.236600000000000144e+00
2.280000000000002025e-01 1.236600000000000144e+00
2.307000000000001272e-01 1.236600000000000144e+00
2.334000000000000519e-01 1.236600000000000144e+00
2.361000000000001986e-01 1.236600000000000144e+00
2.307000000000001272e-01 1.238800000000000123e+00
2.334000000000000519e-01 1.238800000000000123e+00
2.361000000000001986e-01 1.238800000000000123e+00
2.388000000000001233e-01 1.238800000000000123e+00
2.415000000000000480e-01 1.238800000000000123e+00
2.334000000000000519e-01 1.241000000000000103e+00
2.361000000000001986e-01 1.241000000000000103e+00
2.388000000000001233e-01 1.241000000000000103e+00
2.415000000000000480e-01 1.241000000000000103e+00
2.442000000000001947e-01 1.241000000000000103e+00
2.388000000000001233e-01 1.243200000000000083e+00
2.415000000000000480e-01 1.243200000000000083e+00
2.442000000000001947e-01 1.243200000000000083e+00
2.469000000000001194e-01 1.243200000000000083e+00
2.496000000000000441e-01 1.243200000000000083e+00
2.415000000000000480e-01 1.245400000000000063e+00
2.442000000000001947e-01 1.245400000000000063e+00
2.469000000000001194e-01 1.245400000000000063e+00
2.496000000000000441e-01 1.245400000000000063e+00
2.523000000000001908e-01 1.245400000000000063e+00
2.469000000000001194e-01 1.247600000000000042e+00
2.496000000000000441e-01 1.247600000000000042e+00
2.523000000000001908e-01 1.247600000000000042e+00
2.550000000000001155e-01 1.247600000000000042e+00
2.577000000000000401e-01 1.247600000000000042e+00
2.496000000000000441e-01 1.249800000000000022e+00
2.523000000000001908e-01 1.249800000000000022e+00
2.550000000000001155e-01 1.249800000000000022e+00
2.577000000000000401e-01 1.249800000000000022e+00
2.604000000000001869e-01 1.249800000000000022e+00
2.550000000000001155e-01 1.252000000000000224e+00
2.577000000000000401e-01 1.252000000000000224e+00
2.604000000000001869e-01 1.252000000000000224e+00
2.631000000000001116e-01 1.252000000000000224e+00
2.658000000000000362e-01 1.252000000000000224e+00
2.577000000000000401e-01 1.254200000000000204e+00
2.604000000000001869e-01 1.254200000000000204e+00
2.631000000000001116e-01 1.254200000000000204e+00
2.658000000000000362e-01 1.254200000000000204e+00
2.685000000000001830e-01 1.254200000000000204e+00
2.712000000000001076e-01 1.254200000000000204e+00
2.631000000000001116e-01 1.256400000000000183e+00
2.658000000000000362e-01 1.256400000000000183e+00
2.685000000000001830e-01 1.256400000000000183e+00
2.712000000000001076e-01 1.256400000000000183e+00
2.739000000000000323e-01 1.256400000000000183e+00
2.658000000000000362e-01 1.258600000000000163e+00
2.685000000000001830e-01 1.258600000000000163e+00
2.712000000000001076e-01 1.258600000000000163e+00
2.739000000000000323e-01 1.258600000000000163e+00
2.766000000000001791e-01 1.258600000000000163e+00
2.793000000000001037e-01 1.258600000000000163e+00
2.712000000000001076e-01 1.260800000000000143e+00
2.739000000000000323e-01 1.260800000000000143e+00
2.766000000000001791e-01 1.260800000000000143e+00
2.793000000000001037e-01 1.260800000000000143e+00
2.820000000000000284e-01 1.260800000000000143e+00
2.739000000000000323e-01 1.263000000000000123e+00
2.766000000000001791e-01 1.263000000000000123e+00
2.793000000000001037e-01 1.263000000000000123e+00
2.820000000000000284e-01 1.263000000000000123e+00
2.847000000000001751e-01 1.263000000000000123e+00
2.874000000000000998e-01 1.263000000000000123e+00
2.793000000000001037e-01 1.265200000000000102e+00
2.820000000000000284e-01 1.265200000000000102e+00
2.847000000000001751e-01 1.265200000000000102e+00
2.874000000000000998e-01 1.265200000000000102e+00
2.901000000000000245e-01 1.265200000000000102e+00
2.820000000000000284e-01 1.267400000000000082e+00
2.847000000000001751e-01 1.267400000000000082e+00
2.874000000000000998e-01 1.267400000000000082e+00
2.901000000000000245e-01 1.267400000000000082e+00
2.928000000000001712e-01 1.267400000000000082e+00
2.955000000000000959e-01 1.267400000000000082e+00
2.874000000000000998e-01 1.269600000000000062e+00
2.901000000000000245e-01 1.269600000000000062e+00
2.928000000000001712e-01 1.269600000000000062e+00
2.955000000000000959e-01 1.269600000000000062e+00
2.982000000000000206e-01 1.269600000000000062e+00
2.901000000000000245e-01 1.271800000000000042e+00
2.928000000000001712e-01 1.271800000000000042e+00
2.955000000000000959e-01 1.271800000000000042e+00
2.982000000000000206e-01 1.271800000000000042e+00
3.009000000000001673e-01 1.271800000000000042e+00
2.955000000000000959e-01 1.274000000000000243e+00
2.982000000000000206e-01 1.274000000000000243e+00
3.009000000000001673e-01 1.274000000000000243e+00
3.036000000000000920e-01 1.274000000000000243e+00
3.063000000000000167e-01 1.274000000000000243e+00
2.982000000000000206e-01 1.276200000000000223e+00
3.009000000000001673e-01 1.276200000000000223e+00
3.036000000000000920e-01 1.276200000000000223e+00
3.063000000000000167e-01 1.276200000000000223e+00
3.090000000000001634e-01 1.276200000000000223e+00
3.036000000000000920e-01 1.278400000000000203e+00
3.063000000000000167e-01 1.278400000000000203e+00
3.090000000000001634e-01 1.278400000000000203e+00
3.117000000000000881e-01 1.278400000000000203e+00
3.144000000000000128e-01 1.278400000000000203e+00
3.063000000000000167e-01 1.280600000000000183e+00
3.090000000000001634e-01 1.280600000000000183e+00
3.117000000000000881e-01 1.280600000000000183e+00
3.144000000000000128e-01 1.280600000000000183e+00
3.171000000000001595e-01 1.280600000000000183e+00
3.117000000000000881e-01 1.282800000000000162e+00
3.144000000000000128e-01 1.282800000000000162e+00
3.171000000000001595e-01 1.282800000000000162e+00
3.198000000000000842e-01 1.282800000000000162e+00
3.225000000000000089e-01 1.282800000000000162e+00
3.144000000000000128e-01 1.285000000000000142e+00
3.171000000000001595e-01 1.285000000000000142e+00
3.198000000000000842e-01 1.285000000000000142e+00
3.225000000000000089e-01 1.285000000000000142e+00
3.252000000000001556e-01 1.285000000000000142e+00
3.171000000000001595e-01 1.287200000000000122e+00
3.198000000000000842e-01 1.287200000000000122e+00
3.225000000000000089e-01 1.287200000000000122e+00
3.252000000000001556e-01 1.287200000000000122e+00
3.279000000000000803e-01 1.287200000000000122e+00
3.306000000000000050e-01 1.287200000000000122e+00
3.225000000000000089e-01 1.289400000000000102e+00
3.252000000000001556e-01 1.289400000000000102e+00
3.279000000000000803e-01 1.289400000000000102e+00
3.306000000000000050e-01 1.289400000000000102e+00
3.333000000000001517e-01 1.289400000000000102e+00
3.252000000000001556e-01 1.291600000000000081e+00
3.279000000000000803e-01 1.291600000000000081e+00
3.306000000000000050e-01 1.291600000000000081e+00
3.333000000000001517e-01 1.291600000000000081e+00
3.360000000000000764e-01 1.291600000000000081e+00
3.387000000000000011e-01 1.291600000000000081e+00
3.306000000000000050e-01 1.293800000000000061e+00
3.333000000000001517e-01 1.293800000000000061e+00
3.360000000000000764e-01 1.293800000000000061e+00
3.387000000000000011e-01 1.293800000000000061e+00
3.414000000000001478e-01 1.293800000000000061e+00
3.333000000000001517e-01 1.296000000000000041e+00
3.360000000000000764e-01 1.296000000000000041e+00
3.387000000000000011e-01 1.296000000000000041e+00
3.414000000000001478e-01 1.296000000000000041e+00
3.441000000000000725e-01 1.296000000000000041e+00
3.467999999999999972e-01 1.296000000000000041e+00
3.387000000000000011e-01 1.298200000000000243e+00
3.414000000000001478e-01 1.298200000000000243e+00
3.441000000000000725e-01 1.298200000000000243e+00
3.467999999999999972e-01 1.298200000000000243e+00
3.495000000000001439e-01 1.298200000000000243e+00
3.414000000000001478e-01 1.300400000000000222e+00
3.441000000000000725e-01 1.300400000000000222e+00
3.467999999999999972e-01 1.300400000000000222e+00
3.495000000000001439e-01 1.300400000000000222e+00
3.522000000000000686e-01 1.300400000000000222e+00
3.548999999999999932e-01 1.300400000000000222e+00
3.441000000000000725e-01 1.302600000000000202e+00
3.467999999999999972e-01 1.302600000000000202e+00
3.495000000000001439e-01 1.302600000000000202e+00
3.522000000000000686e-01 1.302600000000000202e+00
3.548999999999999932e-01 1.302600000000000202e+00
3.576000000000001400e-01 1.302600000000000202e+00
3.495000000000001439e-01 1.304800000000000182e+00
3.522000000000000686e-01 1.304800000000000182e+00
3.548999999999999932e-01 1.304800000000000182e+00
3.576000000000001400e-01 1.304800000000000182e+00
3.603000000000000647e-01 1.304800000000000182e+00
3.522000000000000686e-01 1.307000000000000162e+00
3.548999999999999932e-01 1.307000000000000162e+00
3.576000000000001400e-01 1.307000000000000162e+00
3.603000000000000647e-01 1.307000000000000162e+00
3.629999999999999893e-01 1.307000000000000162e+00
3.657000000000001361e-01 1.307000000000000162e+00
3.576000000000001400e-01 1.309200000000000141e+00
3.603000000000000647e-01 1.309200000000000141e+00
3.629999999999999893e-01 1.309200000000000141e+00
3.657000000000001361e-01 1.309200000000000141e+00
3.684000000000000608e-01 1.309200000000000141e+00
3.603000000000000647e-01 1.311400000000000121e+00
3.629999999999999893e-01 1.311400000000000121e+00
3.657000000000001361e-01 1.311400000000000121e+00
3.684000000000000608e-01 1.311400000000000121e+00
3.711000000000002075e-01 1.311400000000000121e+00
3.738000000000001322e-01 1.311400000000000121e+00
3.657000000000001361e-01 1.313600000000000101e+00
3.684000000000000608e-01 1.313600000000000101e+00
3.711000000000002075e-01 1.313600000000000101e+00
3.738000000000001322e-01 1.313600000000000101e+00
3.765000000000000568e-01 1.313600000000000101e+00
3.684000000000000608e-01 1.315800000000000081e+00
3.711000000000002075e-01 1.315800000000000081e+00
3.738000000000001322e-01 1.315800000000000081e+00
3.765000000000000568e-01 1.315800000000000081e+00
3.792000000000002036e-01 1.315800000000000081e+00
3.819000000000001283e-01 1.315800000000000081e+00
3.711000000000002075e-01 1.318000000000000060e+00
3.738000000000001322e-01 1.318000000000000060e+00
3.765000000000000568e-01 1.318000000000000060e+00
3.792000000000002036e-01 1.318000000000000060e+00
3.819000000000001283e-01 1.318000000000000060e+00
3.846000000000000529e-01 1.318000000000000060e+00
3.765000000000000568e-01 1.320200000000000040e+00
3.792000000000002036e-01 1.320200000000000040e+00
3.819000000000001283e-01 1.320200000000000040e+00
3.846000000000000529e-01 1.320200000000000040e+00
3.873000000000001997e-01 1.320200000000000040e+00
3.792000000000002036e-01 1.322400000000000242e+00
3.819000000000001283e-01 1.322400000000000242e+00
3.846000000000000529e-01 1.322400000000000242e+00
3.873000000000001997e-01 1.322400000000000242e+00
3.900000000000001243e-01 1.322400000000000242e+00
3.927000000000000490e-01 1.322400000000000242e+00
3.846000000000000529e-01 1.324600000000000222e+00
3.873000000000001997e-01 1.324600000000000222e+00
3.900000000000001243e-01 1.324600000000000222e+00
3.927000000000000490e-01 1.324600000000000222e+00
3.954000000000001958e-01 1.324600000000000222e+00
3.873000000000001997e-01 1.326800000000000201e+00
3.900000000000001243e-01 1.326800000000000201e+00
3.927000000000000490e-01 1.326800000000000201e+00
3.954000000000001958e-01 1.326800000000000201e+00
3.981000000000001204e-01 1.326800000000000201e+00
4.008000000000000451e-01 1.326800000000000201e+00
3.900000000000001243e-01 1.329000000000000181e+00
3.927000000000000490e-01 1.329000000000000181e+00
3.954000000000001958e-01 1.329000000000000181e+00
3.981000000000001204e-01 1.329000000000000181e+00
4.008000000000000451e-01 1.329000000000000181e+00
4.035000000000001918e-01 1.329000000000000181e+00
3.954000000000001958e-01 1.331200000000000161e+00
3.981000000000001204e-01 1.331200000000000161e+00
4.008000000000000451e-01 1.331200000000000161e+00
4.035000000000001918e-01 1.331200000000000161e+00
4.062000000000001165e-01 1.331200000000000161e+00
4.089000000000000412e-01 1.331200000000000161e+00
3.981000000000001204e-01 1.333400000000000141e+00
4.008000000000000451e-01 1.333400000000000141e+00
4.035000000000001918e-01 1.333400000000000141e+00
4.062000000000001165e-01 1.333400000000000141e+00
4.089000000000000412e-01 1.333400000000000141e+00
4.116000000000001879e-01 1.333400000000000141e+00
4.035000000000001918e-01 1.335600000000000120e+00
4.062000000000001165e-01 1.335600000000000120e+00
4.089000000000000412e-01 1.335600000000000120e+00
4.116000000000001879e-01 1.335600000000000120e+00
4.143000000000001126e-01 1.335600000000000120e+00
4.062000000000001165e-01 1.337800000000000100e+00
4.089000000000000412e-01 1.337800000000000100e+00
4.116000000000001879e-01 1.337800000000000100e+00
4.143000000000001126e-01 1.337800000000000100e+00
4.170000000000000373e-01 1.337800000000000100e+00
4.197000000000001840e-01 1.337800000000000100e+00
4.089000000000000412e-01 1.340000000000000080e+00
4.116000000000001879e-01 1.340000000000000080e+00
4.143000000000001126e-01 1.340000000000000080e+00
4.170000000000000373e-01 1.340000000000000080e+00
4.197000000000001840e-01 1.340000000000000080e+00
4.224000000000001087e-01 1.340000000000000080e+00
4.143000000000001126e-01 1.342200000000000060e+00
4.170000000000000373e-01 1.342200000000000060e+00
4.197000000000001840e-01 1.342200000000000060e+00
4.224000000000001087e-01 1.342200000000000060e+00
4.251000000000000334e-01 1.342200000000000060e+00
4.278000000000001801e-01 1.342200000000000060e+00
4.170000000000000373e-01 1.344400000000000039e+00
4.197000000000001840e-01 1.344400000000000039e+00
4.224000000000001087e-01 1.344400000000000039e+00
4.251000000000000334e-01 1.344400000000000039e+00
4.278000000000001801e-01 1.344400000000000039e+00
4.305000000000001048e-01 1.344400000000000039e+00
4.224000000000001087e-01 1.346600000000000241e+00
4.251000000000000334e-01 1.346600000000000241e+00
4.278000000000001801e-01 1.346600000000000241e+00
4.305000000000001048e-01 1.346600000000000241e+00
4.332000000000000295e-01 1.346600000000000241e+00
4.251000000000000334e-01 1.348800000000000221e+00
4.278000000000001801e-01 1.348800000000000221e+00
4.305000000000001048e-01 1.348800000000000221e+00
4.332000000000000295e-01 1.348800000000000221e+00
4.359000000000001762e-01 1.348800000000000221e+00
4.386000000000001009e-01 1.348800000000000221e+00
4.278000000000001801e-01 1.351000000000000201e+00
4.305000000000001048e-01 1.351000000000000201e+00
4.332000000000000295e-01 1.351000000000000201e+00
4.359000000000001762e-01 1.351000000000000201e+00
4.386000000000001009e-01 1.351000000000000201e+00
4.413000000000000256e-01 1.351000000000000201e+00
4.332000000000000295e-01 1.353200000000000180e+00
4.359000000000001762e-01 1.353200000000000180e+00
4.386000000000001009e-01 1.353200000000000180e+00
4.413000000000000256e-01 1.353200000000000180e+00
4.440000000000001723e-01 1.353200000000000180e+00
4.359000000000001762e-01 1.355400000000000160e+00
4.386000000000001009e-01 1.355400000000000160e+00
4.413000000000000256e-01 1.355400000000000160e+00
4.440000000000001723e-01 1.355400000000000160e+00
4.467000000000000970e-01 1.355400000000000160e+00
4.494000000000000217e-01 1.355400000000000160e+00
4.386000000000001009e-01 1.357600000000000140e+00
4.413000000000000256e-01 1.357600000000000140e+00
4.440000000000001723e-01 1.357600000000000140e+00
4.467000000000000970e-01 1.357600000000000140e+00
4.494000000000000217e-01 1.357600000000000140e+00
4.521000000000001684e-01 1.357600000000000140e+00
4.440000000000001723e-01 1.359800000000000120e+00
4.467000000000000970e-01 1.359800000000000120e+00
4.494000000000000217e-01 1.359800000000000120e+00
4.521000000000001684e-01 1.359800000000000120e+00
4.548000000000000931e-01 1.359800000000000120e+00
4.575000000000000178e-01 1.359800000000000120e+00
4.467000000000000970e-01 1.362000000000000099e+00
4.494000000000000217e-01 1.362000000000000099e+00
4.521000000000001684e-01 1.362000000000000099e+00
4.548000000000000931e-01 1.362000000000000099e+00
4.575000000000000178e-01 1.362000000000000099e+00
4.602000000000001645e-01 1.362000000000000099e+00
4.521000000000001684e-01 1.364200000000000079e+00
4.548000000000000931e-01 1.364200000000000079e+00
4.575000000000000178e-01 1.364200000000000079e+00
4.602000000000001645e-01 1.364200000000000079e+00
4.629000000000000892e-01 1.364200000000000079e+00
4.548000000000000931e-01 1.366400000000000059e+00
4.575000000000000178e-01 1.366400000000000059e+00
4.602000000000001645e-01 1.366400000000000059e+00
4.629000000000000892e-01 1.366400000000000059e+00
4.656000000000000139e-01 1.366400000000000059e+00
4.683000000000001606e-01 1.366400000000000059e+00
4.575000000000000178e-01 1.368600000000000039e+00
4.602000000000001645e-01 1.368600000000000039e+00
4.629000000000000892e-01 1.368600000000000039e+00
4.656000000000000139e-01 1.368600000000000039e+00
4.683000000000001606e-01 1.368600000000000039e+00
4.710000000000000853e-01 1.368600000000000039e+00
4.629000000000000892e-01 1.370800000000000241e+00
4.656000000000000139e-01 1.370800000000000241e+00
4.683000000000001606e-01 1.370800000000000241e+00
4.710000000000000853e-01 1.370800000000000241e+00
4.737000000000000099e-01 1.370800000000000241e+00
4.764000000000001567e-01 1.370800000000000241e+00
4.656000000000000139e-01 1.373000000000000220e+00
4.683000000000001606e-01 1.373000000000000220e+00
4.710000000000000853e-01 1.373000000000000220e+00
4.737000000000000099e-01 1.373000000000000220e+00
4.764000000000001567e-01 1.373000000000000220e+00
4.791000000000000814e-01 1.373000000000000220e+00
4.683000000000001606e-01 1.375200000000000200e+00
4.710000000000000853e-01 1.375200000000000200e+00
4.737000000000000099e-01 1.375200000000000200e+00
4.764000000000001567e-01 1.375200000000000200e+00
4.791000000000000814e-01 1.375200000000000200e+00
4.818000000000000060e-01 1.375200000000000200e+00
4.737000000000000099e-01 1.377400000000000180e+00
4.764000000000001567e-01 1.377400000000000180e+00
4.791000000000000814e-01 1.377400000000000180e+00
4.818000000000000060e-01 1.377400000000000180e+00
4.845000000000001528e-01 1.377400000000000180e+00
4.872000000000000774e-01 1.377400000000000180e+00
4.764000000000001567e-01 1.379600000000000160e+00
4.791000000000000814e-01 1.379600000000000160e+00
4.818000000000000060e-01 1.379600000000000160e+00
4.845000000000001528e-01 1.379600000000000160e+00
4.872000000000000774e-01 1.379600000000000160e+00
4.899000000000000021e-01 1.379600000000000160e+00
4.791000000000000814e-01 1.381800000000000139e+00
4.818000000000000060e-01 1.381800000000000139e+00
4.845000000000001528e-01 1.381800000000000139e+00
4.872000000000000774e-01 1.381800000000000139e+00
4.899000000000000021e-01 1.381800000000000139e+00
4.926000000000001489e-01 1.381800000000000139e+00
4.845000000000001528e-01 1.384000000000000119e+00
4.872000000000000774e-01 1.384000000000000119e+00
4.899000000000000021e-01 1.384000000000000119e+00
4.926000000000001489e-01 1.384000000000000119e+00
4.953000000000000735e-01 1.384000000000000119e+00
4.979999999999999982e-01 1.384000000000000119e+00
4.872000000000000774e-01 1.386200000000000099e+00
4.899000000000000021e-01 1.386200000000000099e+00
4.926000000000001489e-01 1.386200000000000099e+00
4.953000000000000735e-01 1.386200000000000099e+00
4.979999999999999982e-01 1.386200000000000099e+00
5.007000000000001450e-01 1.386200000000000099e+00
4.899000000000000021e-01 1.388400000000000079e+00
4.926000000000001489e-01 1.388400000000000079e+00
4.953000000000000735e-01 1.388400000000000079e+00
4.979999999999999982e-01 1.388400000000000079e+00
5.007000000000001450e-01 1.388400000000000079e+00
5.034000000000000696e-01 1.388400000000000079e+00
4.953000000000000735e-01 1.390600000000000058e+00
4.979999999999999982e-01 1.390600000000000058e+00
5.007000000000001450e-01 1.390600000000000058e+00
5.034000000000000696e-01 1.390600000000000058e+00
5.060999999999999943e-01 1.390600000000000058e+00
5.087999999999999190e-01 1.390600000000000058e+00
4.979999999999999982e-01 1.392800000000000038e+00
5.007000000000001450e-01 1.392800000000000038e+00
5.034000000000000696e-01 1.392800000000000038e+00
5.060999999999999943e-01 1.392800000000000038e+00
5.087999999999999190e-01 1.392800000000000038e+00
5.115000000000002878e-01 1.392800000000000038e+00
5.007000000000001450e-01 1.395000000000000240e+00
5.034000000000000696e-01 1.395000000000000240e+00
5.060999999999999943e-01 1.395000000000000240e+00
5.087999999999999190e-01 1.395000000000000240e+00
5.115000000000002878e-01 1.395000000000000240e+00
5.142000000000002125e-01 1.395000000000000240e+00
5.060999999999999943e-01 1.397200000000000220e+00
5.087999999999999190e-01 1.397200000000000220e+00
5.115000000000002878e-01 1.397200000000000220e+00
5.142000000000002125e-01 1.397200000000000220e+00
5.169000000000001371e-01 1.397200000000000220e+00
5.196000000000000618e-01 1.397200000000000220e+00
5.087999999999999190e-01 1.399400000000000199e+00
5.115000000000002878e-01 1.399400000000000199e+00
5.142000000000002125e-01 1.399400000000000199e+00
5.169000000000001371e-01 1.399400000000000199e+00
5.196000000000000618e-01 1.399400000000000199e+00
5.222999999999999865e-01 1.399400000000000199e+00
5.115000000000002878e-01 1.401600000000000179e+00
5.142000000000002125e-01 1.401600000000000179e+00
5.169000000000001371e-01 1.401600000000000179e+00
5.196000000000000618e-01 1.401600000000000179e+00
5.222999999999999865e-01 1.401600000000000179e+00
5.249999999999999112e-01 1.401600000000000179e+00
5.277000000000002800e-01 1.401600000000000179e+00
5.169000000000001371e-01 1.403800000000000159e+00
5.196000000000000618e-01 1.403800000000000159e+00
5.222999999999999865e-01 1.403800000000000159e+00
5.249999999999999112e-01 1.403800000000000159e+00
5.277000000000002800e-01 1.403800000000000159e+00
5.304000000000002046e-01 1.403800000000000159e+00
5.196000000000000618e-01 1.406000000000000139e+00
5.222999999999999865e-01 1.406000000000000139e+00
5.249999999999999112e-01 1.406000000000000139e+00
5.277000000000002800e-01 1.406000000000000139e+00
5.304000000000002046e-01 1.406000000000000139e+00
5.331000000000001293e-01 1.406000000000000139e+00
5.222999999999999865e-01 1.408200000000000118e+00
5.249999999999999112e-01 1.408200000000000118e+00
5.277000000000002800e-01 1.408200000000000118e+00
5.304000000000002046e-01 1.408200000000000118e+00
5.331000000000001293e-01 1.408200000000000118e+00
5.358000000000000540e-01 1.408200000000000118e+00
5.384999999999999787e-01 1.408200000000000118e+00
5.277000000000002800e-01 1.410400000000000098e+00
5.304000000000002046e-01 1.410400000000000098e+00
5.331000000000001293e-01 1.410400000000000098e+00
5.358000000000000540e-01 1.410400000000000098e+00
5.384999999999999787e-01 1.410400000000000098e+00
5.411999999999999034e-01 1.410400000000000098e+00
5.304000000000002046e-01 1.412600000000000078e+00
5.331000000000001293e-01 1.412600000000000078e+00
5.358000000000000540e-01 1.412600000000000078e+00
5.384999999999999787e-01 1.412600000000000078e+00
5.411999999999999034e-01 1.412600000000000078e+00
5.439000000000002721e-01 1.412600000000000078e+00
5.331000000000001293e-01 1.414800000000000058e+00
5.358000000000000540e-01 1.414800000000000058e+00
5.384999999999999787e-01 1.414800000000000058e+00
5.411999999999999034e-01 1.414800000000000058e+00
5.439000000000002721e-01 1.414800000000000058e+00
5.466000000000001968e-01 1.414800000000000058e+00
5.493000000000001215e-01 1.414800000000000058e+00
5.384999999999999787e-01 1.417000000000000037e+00
5.411999999999999034e-01 1.417000000000000037e+00
5.439000000000002721e-01 1.417000000000000037e+00
5.466000000000001968e-01 1.417000000000000037e+00
5.493000000000001215e-01 1.417000000000000037e+00
5.520000000000000462e-01 1.417000000000000037e+00
5.411999999999999034e-01 1.419200000000000239e+00
5.439000000000002721e-01 1.419200000000000239e+00
5.466000000000001968e-01 1.419200000000000239e+00
5.493000000000001215e-01 1.419200000000000239e+00
5.520000000000000462e-01 1.419200000000000239e+00
5.546999999999999709e-01 1.419200000000000239e+00
5.439000000000002721e-01 1.421400000000000219e+00
5.466000000000001968e-01 1.421400000000000219e+00
5.493000000000001215e-01 1.421400000000000219e+00
5.520000000000000462e-01 1.421400000000000219e+00
5.546999999999999709e-01 1.421400000000000219e+00
5.573999999999998956e-01 1.421400000000000219e+00
5.601000000000002643e-01 1.421400000000000219e+00
5.493000000000001215e-01 1.423600000000000199e+00
5.520000000000000462e-01 1.423600000000000199e+00
5.546999999999999709e-01 1.423600000000000199e+00
5.573999999999998956e-01 1.423600000000000199e+00
5.601000000000002643e-01 1.423600000000000199e+00
5.628000000000001890e-01 1.423600000000000199e+00
5.520000000000000462e-01 1.425800000000000178e+00
5.546999999999999709e-01 1.425800000000000178e+00
5.573999999999998956e-01 1.425800000000000178e+00
5.601000000000002643e-01 1.425800000000000178e+00
5.628000000000001890e-01 1.425800000000000178e+00
5.655000000000001137e-01 1.425800000000000178e+00
5.546999999999999709e-01 1.428000000000000158e+00
5.573999999999998956e-01 1.428000000000000158e+00
5.601000000000002643e-01 1.428000000000000158e+00
5.628000000000001890e-01 1.428000000000000158e+00
5.655000000000001137e-01 1.428000000000000158e+00
5.682000000000000384e-01 1.428000000000000158e+00
5.708999999999999631e-01 1.428000000000000158e+00
5.601000000000002643e-01 1.430200000000000138e+00
5.628000000000001890e-01 1.430200000000000138e+00
5.655000000000001137e-01 1.430200000000000138e+00
5.682000000000000384e-01 1.430200000000000138e+00
5.708999999999999631e-01 1.430200000000000138e+00
5.735999999999998877e-01 1.430200000000000138e+00
5.628000000000001890e-01 1.432400000000000118e+00
5.655000000000001137e-01 1.432400000000000118e+00
5.682000000000000384e-01 1.432400000000000118e+00
5.708999999999999631e-01 1.432400000000000118e+00
5.735999999999998877e-01 1.432400000000000118e+00
5.763000000000002565e-01 1.432400000000000118e+00
5.655000000000001137e-01 1.434600000000000097e+00
5.682000000000000384e-01 1.434600000000000097e+00
5.708999999999999631e-01 1.434600000000000097e+00
5.735999999999998877e-01 1.434600000000000097e+00
5.763000000000002565e-01 1.434600000000000097e+00
5.790000000000001812e-01 1.434600000000000097e+00
5.708999999999999631e-01 1.436800000000000077e+00
5.735999999999998877e-01 1.436800000000000077e+00
5.763000000000002565e-01 1.436800000000000077e+00
5.790000000000001812e-01 1.436800000000000077e+00
5.817000000000001059e-01 1.436800000000000077e+00
5.844000000000000306e-01 1.436800000000000077e+00
5.735999999999998877e-01 1.439000000000000057e+00
5.763000000000002565e-01 1.439000000000000057e+00
5.790000000000001812e-01 1.439000000000000057e+00
5.817000000000001059e-01 1.439000000000000057e+00
5.844000000000000306e-01 1.439000000000000057e+00
5.870999999999999552e-01 1.439000000000000057e+00
5.763000000000002565e-01 1.441200000000000037e+00
5.790000000000001812e-01 1.441200000000000037e+00
5.817000000000001059e-01 1.441200000000000037e+00
5.844000000000000306e-01 1.441200000000000037e+00
5.870999999999999552e-01 1.441200000000000037e+00
5.898000000000003240e-01 1.441200000000000037e+00
5.790000000000001812e-01 1.443400000000000238e+00
5.817000000000001059e-01 1.443400000000000238e+00
5.844000000000000306e-01 1.443400000000000238e+00
5.870999999999999552e-01 1.443400000000000238e+00
5.898000000000003240e-01 1.443400000000000238e+00
5.925000000000002487e-01 1.443400000000000238e+00
5.952000000000001734e-01 1.443400000000000238e+00
5.844000000000000306e-01 1.445600000000000218e+00
5.870999999999999552e-01 1.445600000000000218e+00
5.898000000000003240e-01 1.445600000000000218e+00
5.925000000000002487e-01 1.445600000000000218e+00
5.952000000000001734e-01 1.445600000000000218e+00
5.979000000000000981e-01 1.445600000000000218e+00
5.870999999999999552e-01 1.447800000000000198e+00
5.898000000000003240e-01 1.447800000000000198e+00
5.925000000000002487e-01 1.447800000000000198e+00
5.952000000000001734e-01 1.447800000000000198e+00
5.979000000000000981e-01 1.447800000000000198e+00
6.006000000000000227e-01 1.447800000000000198e+00
5.898000000000003240e-01 1.450000000000000178e+00
5.925000000000002487e-01 1.450000000000000178e+00
5.952000000000001734e-01 1.450000000000000178e+00
5.979000000000000981e-01 1.450000000000000178e+00
6.006000000000000227e-01 1.450000000000000178e+00
6.032999999999999474e-01 1.450000000000000178e+00
6.060000000000003162e-01 1.450000000000000178e+00
5.952000000000001734e-01 1.452200000000000157e+00
5.979000000000000981e-01 1.452200000000000157e+00
6.006000000000000227e-01 1.452200000000000157e+00
6.032999999999999474e-01 1.452200000000000157e+00
6.060000000000003162e-01 1.452200000000000157e+00
6.087000000000002409e-01 1.452200000000000157e+00
5.979000000000000981e-01 1.454400000000000137e+00
6.006000000000000227e-01 1.454400000000000137e+00
6.032999999999999474e-01 1.454400000000000137e+00
6.060000000000003162e-01 1.454400000000000137e+00
6.087000000000002409e-01 1.454400000000000137e+00
6.114000000000001656e-01 1.454400000000000137e+00
6.006000000000000227e-01 1.456600000000000117e+00
6.032999999999999474e-01 1.456600000000000117e+00
6.060000000000003162e-01 1.456600000000000117e+00
6.087000000000002409e-01 1.456600000000000117e+00
6.114000000000001656e-01 1.456600000000000117e+00
6.141000000000000902e-01 1.456600000000000117e+00
6.168000000000000149e-01 1.456600000000000117e+00
6.060000000000003162e-01 1.458800000000000097e+00
6.087000000000002409e-01 1.458800000000000097e+00
6.114000000000001656e-01 1.458800000000000097e+00
6.141000000000000902e-01 1.458800000000000097e+00
6.168000000000000149e-01 1.458800000000000097e+00
6.194999999999999396e-01 1.458800000000000097e+00
6.087000000000002409e-01 1.461000000000000076e+00
6.114000000000001656e-01 1.461000000000000076e+00
6.141000000000000902e-01 1.461000000000000076e+00
6.168000000000000149e-01 1.461000000000000076e+00
6.194999999999999396e-01 1.461000000000000076e+00
6.222000000000003084e-01 1.461000000000000076e+00
6.114000000000001656e-01 1.463200000000000056e+00
6.141000000000000902e-01 1.463200000000000056e+00
6.168000000000000149e-01 1.463200000000000056e+00
6.194999999999999396e-01 1.463200000000000056e+00
6.222000000000003084e-01 1.463200000000000056e+00
6.249000000000002331e-01 1.463200000000000056e+00
6.141000000000000902e-01 1.465400000000000036e+00
6.168000000000000149e-01 1.465400000000000036e+00
6.194999999999999396e-01 1.465400000000000036e+00
6.222000000000003084e-01 1.465400000000000036e+00
6.249000000000002331e-01 1.465400000000000036e+00
6.276000000000001577e-01 1.465400000000000036e+00
6.303000000000000824e-01 1.465400000000000036e+00
6.194999999999999396e-01 1.467600000000000238e+00
6.222000000000003084e-01 1.467600000000000238e+00
6.249000000000002331e-01 1.467600000000000238e+00
6.276000000000001577e-01 1.467600000000000238e+00
6.303000000000000824e-01 1.467600000000000238e+00
6.330000000000000071e-01 1.467600000000000238e+00
6.222000000000003084e-01 1.469800000000000217e+00
6.249000000000002331e-01 1.469800000000000217e+00
6.276000000000001577e-01 1.469800000000000217e+00
6.303000000000000824e-01 1.469800000000000217e+00
6.330000000000000071e-01 1.469800000000000217e+00
6.356999999999999318e-01 1.469800000000000217e+00
6.249000000000002331e-01 1.472000000000000197e+00
6.276000000000001577e-01 1.472000000000000197e+00
6.303000000000000824e-01 1.472000000000000197e+00
6.330000000000000071e-01 1.472000000000000197e+00
6.356999999999999318e-01 1.472000000000000197e+00
6.384000000000003006e-01 1.472000000000000197e+00
6.411000000000002252e-01 1.472000000000000197e+00
6.303000000000000824e-01 1.474200000000000177e+00
6.330000000000000071e-01 1.474200000000000177e+00
6.356999999999999318e-01 1.474200000000000177e+00
6.384000000000003006e-01 1.474200000000000177e+00
6.411000000000002252e-01 1.474200000000000177e+00
6.438000000000001499e-01 1.474200000000000177e+00
6.330000000000000071e-01 1.476400000000000157e+00
6.356999999999999318e-01 1.476400000000000157e+00
6.384000000000003006e-01 1.476400000000000157e+00
6.411000000000002252e-01 1.476400000000000157e+00
6.438000000000001499e-01 1.476400000000000157e+00
6.465000000000000746e-01 1.476400000000000157e+00
6.356999999999999318e-01 1.478600000000000136e+00
6.384000000000003006e-01 1.478600000000000136e+00
6.411000000000002252e-01 1.478600000000000136e+00
6.438000000000001499e-01 1.478600000000000136e+00
6.465000000000000746e-01 1.478600000000000136e+00
6.491999999999999993e-01 1.478600000000000136e+00
6.518999999999999240e-01 1.478600000000000136e+00
6.384000000000003006e-01 1.480800000000000116e+00
6.411000000000002252e-01 1.480800000000000116e+00
6.438000000000001499e-01 1.480800000000000116e+00
6.465000000000000746e-01 1.480800000000000116e+00
6.491999999999999993e-01 1.480800000000000116e+00
6.518999999999999240e-01 1.480800000000000116e+00
6.546000000000002927e-01 1.480800000000000116e+00
6.438000000000001499e-01 1.483000000000000096e+00
6.465000000000000746e-01 1.483000000000000096e+00
6.491999999999999993e-01 1.483000000000000096e+00
6.518999999999999240e-01 1.483000000000000096e+00
6.546000000000002927e-01 1.483000000000000096e+00
6.573000000000002174e-01 1.483000000000000096e+00
6.465000000000000746e-01 1.485200000000000076e+00
6.491999999999999993e-01 1.485200000000000076e+00
6.518999999999999240e-01 1.485200000000000076e+00
6.546000000000002927e-01 1.485200000000000076e+00
6.573000000000002174e-01 1.485200000000000076e+00
6.600000000000001421e-01 1.485200000000000076e+00
6.491999999999999993e-01 1.487400000000000055e+00
6.518999999999999240e-01 1.487400000000000055e+00
6.546000000000002927e-01 1.487400000000000055e+00
6.573000000000002174e-01 1.487400000000000055e+00
6.600000000000001421e-01 1.487400000000000055e+00
6.627000000000000668e-01 1.487400000000000055e+00
6.653999999999999915e-01 1.487400000000000055e+00
6.546000000000002927e-01 1.489600000000000035e+00
6.573000000000002174e-01 1.489600000000000035e+00
6.600000000000001421e-01 1.489600000000000035e+00
6.627000000000000668e-01 1.489600000000000035e+00
6.653999999999999915e-01 1.489600000000000035e+00
6.680999999999999162e-01 1.489600000000000035e+00
6.573000000000002174e-01 1.491800000000000237e+00
6.600000000000001421e-01 1.491800000000000237e+00
6.627000000000000668e-01 1.491800000000000237e+00
6.653999999999999915e-01 1.491800000000000237e+00
6.680999999999999162e-01 1.491800000000000237e+00
6.708000000000002849e-01 1.491800000000000237e+00
6.600000000000001421e-01 1.494000000000000217e+00
6.627000000000000668e-01 1.494000000000000217e+00
6.653999999999999915e-01 1.494000000000000217e+00
6.680999999999999162e-01 1.494000000000000217e+00
6.708000000000002849e-01 1.494000000000000217e+00
6.735000000000002096e-01 1.494000000000000217e+00
6.762000000000001343e-01 1.494000000000000217e+00
6.627000000000000668e-01 1.496200000000000196e+00
6.653999999999999915e-01 1.496200000000000196e+00
6.680999999999999162e-01 1.496200000000000196e+00
6.708000000000002849e-01 1.496200000000000196e+00
6.735000000000002096e-01 1.496200000000000196e+00
6.762000000000001343e-01 1.496200000000000196e+00
6.789000000000000590e-01 1.496200000000000196e+00
6.680999999999999162e-01 1.498400000000000176e+00
6.708000000000002849e-01 1.498400000000000176e+00
6.735000000000002096e-01 1.498400000000000176e+00
6.762000000000001343e-01 1.498400000000000176e+00
6.789000000000000590e-01 1.498400000000000176e+00
6.815999999999999837e-01 1.498400000000000176e+00
6.708000000000002849e-01 1.500600000000000156e+00
6.735000000000002096e-01 1.500600000000000156e+00
6.762000000000001343e-01 1.500600000000000156e+00
6.789000000000000590e-01 1.500600000000000156e+00
6.815999999999999837e-01 1.500600000000000156e+00
6.842999999999999083e-01 1.500600000000000156e+00
6.735000000000002096e-01 1.502800000000000136e+00
6.762000000000001343e-01 1.502800000000000136e+00
6.789000000000000590e-01 1.502800000000000136e+00
6.815999999999999837e-01 1.502800000000000136e+00
6.842999999999999083e-01 1.502800000000000136e+00
6.870000000000002771e-01 1.502800000000000136e+00
6.897000000000002018e-01 1.502800000000000136e+00
6.789000000000000590e-01 1.505000000000000115e+00
6.815999999999999837e-01 1.505000000000000115e+00
6.842999999999999083e-01 1.505000000000000115e+00
6.870000000000002771e-01 1.505000000000000115e+00
6.897000000000002018e-01 1.505000000000000115e+00
6.924000000000001265e-01 1.505000000000000115e+00
6.815999999999999837e-01 1.507200000000000095e+00
6.842999999999999083e-01 1.507200000000000095e+00
6.870000000000002771e-01 1.507200000000000095e+00
6.897000000000002018e-01 1.507200000000000095e+00
6.924000000000001265e-01 1.507200000000000095e+00
6.951000000000000512e-01 1.507200000000000095e+00
6.842999999999999083e-01 1.509400000000000075e+00
6.870000000000002771e-01 1.509400000000000075e+00
6.897000000000002018e-01 1.509400000000000075e+00
6.924000000000001265e-01 1.509400000000000075e+00
6.951000000000000512e-01 1.509400000000000075e+00
6.977999999999999758e-01 1.509400000000000075e+00
7.004999999999999005e-01 1.509400000000000075e+00
6.870000000000002771e-01 1.511600000000000055e+00
6.897000000000002018e-01 1.511600000000000055e+00
6.924000000000001265e-01 1.511600000000000055e+00
6.951000000000000512e-01 1.511600000000000055e+00
6.977999999999999758e-01 1.511600000000000055e+00
7.004999999999999005e-01 1.511600000000000055e+00
7.032000000000002693e-01 1.511600000000000055e+00
6.924000000000001265e-01 1.513800000000000257e+00
6.951000000000000512e-01 1.513800000000000257e+00
6.977999999999999758e-01 1.513800000000000257e+00
7.004999999999999005e-01 1.513800000000000257e+00
7.032000000000002693e-01 1.513800000000000257e+00
7.059000000000001940e-01 1.513800000000000257e+00
6.951000000000000512e-01 1.516000000000000236e+00
6.977999999999999758e-01 1.516000000000000236e+00
7.004999999999999005e-01 1.516000000000000236e+00
7.032000000000002693e-01 1.516000000000000236e+00
7.059000000000001940e-01 1.516000000000000236e+00
7.086000000000001187e-01 1.516000000000000236e+00
6.977999999999999758e-01 1.518200000000000216e+00
7.004999999999999005e-01 1.518200000000000216e+00
7.032000000000002693e-01 1.518200000000000216e+00
7.059000000000001940e-01 1.518200000000000216e+00
7.086000000000001187e-01 1.518200000000000216e+00
7.113000000000000433e-01 1.518200000000000216e+00
7.139999999999999680e-01 1.518200000000000216e+00
7.004999999999999005e-01 1.520400000000000196e+00
7.032000000000002693e-01 1.520400000000000196e+00
7.059000000000001940e-01 1.520400000000000196e+00
7.086000000000001187e-01 1.520400000000000196e+00
7.113000000000000433e-01 1.520400000000000196e+00
7.139999999999999680e-01 1.520400000000000196e+00
7.167000000000003368e-01 1.520400000000000196e+00
7.059000000000001940e-01 1.522600000000000176e+00
7.086000000000001187e-01 1.522600000000000176e+00
7.113000000000000433e-01 1.522600000000000176e+00
7.139999999999999680e-01 1.522600000000000176e+00
7.167000000000003368e-01 1.522600000000000176e+00
7.194000000000002615e-01 1.522600000000000176e+00
7.086000000000001187e-01 1.524800000000000155e+00
7.113000000000000433e-01 1.524800000000000155e+00
7.139999999999999680e-01 1.524800000000000155e+00
7.167000000000003368e-01 1.524800000000000155e+00
7.194000000000002615e-01 1.524800000000000155e+00
7.221000000000001862e-01 1.524800000000000155e+00
7.113000000000000433e-01 1.527000000000000135e+00
7.139999999999999680e-01 1.527000000000000135e+00
7.167000000000003368e-01 1.527000000000000135e+00
7.194000000000002615e-01 1.527000000000000135e+00
7.221000000000001862e-01 1.527000000000000135e+00
7.248000000000001108e-01 1.527000000000000135e+00
7.275000000000000355e-01 1.527000000000000135e+00
7.139999999999999680e-01 1.529200000000000115e+00
7.167000000000003368e-01 1.529200000000000115e+00
7.194000000000002615e-01 1.529200000000000115e+00
7.221000000000001862e-01 1.529200000000000115e+00
7.248000000000001108e-01 1.529200000000000115e+00
7.275000000000000355e-01 1.529200000000000115e+00
7.301999999999999602e-01 1.529200000000000115e+00
7.194000000000002615e-01 1.531400000000000095e+00
7.221000000000001862e-01 1.531400000000000095e+00
7.248000000000001108e-01 1.531400000000000095e+00
7.275000000000000355e-01 1.531400000000000095e+00
7.301999999999999602e-01 1.531400000000000095e+00
7.329000000000003290e-01 1.531400000000000095e+00
7.221000000000001862e-01 1.533600000000000074e+00
7.248000000000001108e-01 1.533600000000000074e+00
7.275000000000000355e-01 1.533600000000000074e+00
7.301999999999999602e-01 1.533600000000000074e+00
7.329000000000003290e-01 1.533600000000000074e+00
7.356000000000002537e-01 1.533600000000000074e+00
7.383000000000001783e-01 1.533600000000000074e+00
7.248000000000001108e-01 1.535800000000000054e+00
7.275000000000000355e-01 1.535800000000000054e+00
7.301999999999999602e-01 1.535800000000000054e+00
7.329000000000003290e-01 1.535800000000000054e+00
7.356000000000002537e-01 1.535800000000000054e+00
7.383000000000001783e-01 1.535800000000000054e+00
7.410000000000001030e-01 1.535800000000000054e+00
7.275000000000000355e-01 1.538000000000000256e+00
7.301999999999999602e-01 1.538000000000000256e+00
7.329000000000003290e-01 1.538000000000000256e+00
7.356000000000002537e-01 1.538000000000000256e+00
7.383000000000001783e-01 1.538000000000000256e+00
7.410000000000001030e-01 1.538000000000000256e+00
7.437000000000000277e-01 1.538000000000000256e+00
7.329000000000003290e-01 1.540200000000000236e+00
7.356000000000002537e-01 1.540200000000000236e+00
7.383000000000001783e-01 1.540200000000000236e+00
7.410000000000001030e-01 1.540200000000000236e+00
7.437000000000000277e-01 1.540200000000000236e+00
7.463999999999999524e-01 1.540200000000000236e+00
7.356000000000002537e-01 1.542400000000000215e+00
7.383000000000001783e-01 1.542400000000000215e+00
7.410000000000001030e-01 1.542400000000000215e+00
7.437000000000000277e-01 1.542400000000000215e+00
7.463999999999999524e-01 1.542400000000000215e+00
7.491000000000003212e-01 1.542400000000000215e+00
7.518000000000002458e-01 1.542400000000000215e+00
7.383000000000001783e-01 1.544600000000000195e+00
7.410000000000001030e-01 1.544600000000000195e+00
7.437000000000000277e-01 1.544600000000000195e+00
7.463999999999999524e-01 1.544600000000000195e+00
7.491000000000003212e-01 1.544600000000000195e+00
7.518000000000002458e-01 1.544600000000000195e+00
7.545000000000001705e-01 1.544600000000000195e+00
7.410000000000001030e-01 1.546800000000000175e+00
7.437000000000000277e-01 1.546800000000000175e+00
7.463999999999999524e-01 1.546800000000000175e+00
7.491000000000003212e-01 1.546800000000000175e+00
7.518000000000002458e-01 1.546800000000000175e+00
7.545000000000001705e-01 1.546800000000000175e+00
7.572000000000000952e-01 1.546800000000000175e+00
7.463999999999999524e-01 1.549000000000000155e+00
7.491000000000003212e-01 1.549000000000000155e+00
7.518000000000002458e-01 1.549000000000000155e+00
7.545000000000001705e-01 1.549000000000000155e+00
7.572000000000000952e-01 1.549000000000000155e+00
7.599000000000000199e-01 1.549000000000000155e+00
7.491000000000003212e-01 1.551200000000000134e+00
7.518000000000002458e-01 1.551200000000000134e+00
7.545000000000001705e-01 1.551200000000000134e+00
7.572000000000000952e-01 1.551200000000000134e+00
7.599000000000000199e-01 1.551200000000000134e+00
7.625999999999999446e-01 1.551200000000000134e+00
7.653000000000003133e-01 1.551200000000000134e+00
7.518000000000002458e-01 1.553400000000000114e+00
7.545000000000001705e-01 1.553400000000000114e+00
7.572000000000000952e-01 1.553400000000000114e+00
7.599000000000000199e-01 1.553400000000000114e+00
7.625999999999999446e-01 1.553400000000000114e+00
7.653000000000003133e-01 1.553400000000000114e+00
7.680000000000002380e-01 1.553400000000000114e+00
7.545000000000001705e-01 1.555600000000000094e+00
7.572000000000000952e-01 1.555600000000000094e+00
7.599000000000000199e-01 1.555600000000000094e+00
7.625999999999999446e-01 1.555600000000000094e+00
7.653000000000003133e-01 1.555600000000000094e+00
7.680000000000002380e-01 1.555600000000000094e+00
7.707000000000001627e-01 1.555600000000000094e+00
7.599000000000000199e-01 1.557800000000000074e+00
7.625999999999999446e-01 1.557800000000000074e+00
7.653000000000003133e-01 1.557800000000000074e+00
7.680000000000002380e-01 1.557800000000000074e+00
7.707000000000001627e-01 1.557800000000000074e+00
7.734000000000000874e-01 1.557800000000000074e+00
7.625999999999999446e-01 1.560000000000000053e+00
7.653000000000003133e-01 1.560000000000000053e+00
7.680000000000002380e-01 1.560000000000000053e+00
7.707000000000001627e-01 1.560000000000000053e+00
7.734000000000000874e-01 1.560000000000000053e+00
7.761000000000000121e-01 1.560000000000000053e+00
7.787999999999999368e-01 1.560000000000000053e+00
7.653000000000003133e-01 1.562200000000000255e+00
7.680000000000002380e-01 1.562200000000000255e+00
7.707000000000001627e-01 1.562200000000000255e+00
7.734000000000000874e-01 1.562200000000000255e+00
7.761000000000000121e-01 1.562200000000000255e+00
7.787999999999999368e-01 1.562200000000000255e+00
7.815000000000003055e-01 1.562200000000000255e+00
7.680000000000002380e-01 1.564400000000000235e+00
7.707000000000001627e-01 1.564400000000000235e+00
7.734000000000000874e-01 1.564400000000000235e+00
7.761000000000000121e-01 1.564400000000000235e+00
7.787999999999999368e-01 1.564400000000000235e+00
7.815000000000003055e-01 1.564400000000000235e+00
7.842000000000002302e-01 1.564400000000000235e+00
7.734000000000000874e-01 1.566600000000000215e+00
7.761000000000000121e-01 1.566600000000000215e+00
7.787999999999999368e-01 1.566600000000000215e+00
7.815000000000003055e-01 1.566600000000000215e+00
7.842000000000002302e-01 1.566600000000000215e+00
7.869000000000001549e-01 1.566600000000000215e+00
7.761000000000000121e-01 1.568800000000000194e+00
7.787999999999999368e-01 1.568800000000000194e+00
7.815000000000003055e-01 1.568800000000000194e+00
7.842000000000002302e-01 1.568800000000000194e+00
7.869000000000001549e-01 1.568800000000000194e+00
7.896000000000000796e-01 1.568800000000000194e+00
7.923000000000000043e-01 1.568800000000000194e+00
7.787999999999999368e-01 1.571000000000000174e+00
7.815000000000003055e-01 1.571000000000000174e+00
7.842000000000002302e-01 1.571000000000000174e+00
7.869000000000001549e-01 1.571000000000000174e+00
7.896000000000000796e-01 1.571000000000000174e+00
7.923000000000000043e-01 1.571000000000000174e+00
7.949999999999999289e-01 1.571000000000000174e+00
7.815000000000003055e-01 1.573200000000000154e+00
7.842000000000002302e-01 1.573200000000000154e+00
7.869000000000001549e-01 1.573200000000000154e+00
7.896000000000000796e-01 1.573200000000000154e+00
7.923000000000000043e-01 1.573200000000000154e+00
7.949999999999999289e-01 1.573200000000000154e+00
7.977000000000002977e-01 1.573200000000000154e+00
7.869000000000001549e-01 1.575400000000000134e+00
7.896000000000000796e-01 1.575400000000000134e+00
7.923000000000000043e-01 1.575400000000000134e+00
7.949999999999999289e-01 1.575400000000000134e+00
7.977000000000002977e-01 1.575400000000000134e+00
8.004000000000002224e-01 1.575400000000000134e+00
7.896000000000000796e-01 1.577600000000000113e+00
7.923000000000000043e-01 1.577600000000000113e+00
7.949999999999999289e-01 1.577600000000000113e+00
7.977000000000002977e-01 1.577600000000000113e+00
8.004000000000002224e-01 1.577600000000000113e+00
8.031000000000001471e-01 1.577600000000000113e+00
8.058000000000000718e-01 1.577600000000000113e+00
7.923000000000000043e-01 1.579800000000000093e+00
7.949999999999999289e-01 1.579800000000000093e+00
7.977000000000002977e-01 1.579800000000000093e+00
8.004000000000002224e-01 1.579800000000000093e+00
8.031000000000001471e-01 1.579800000000000093e+00
8.058000000000000718e-01 1.579800000000000093e+00
8.084999999999999964e-01 1.579800000000000093e+00
7.949999999999999289e-01 1.582000000000000073e+00
7.977000000000002977e-01 1.582000000000000073e+00
8.004000000000002224e-01 1.582000000000000073e+00
8.031000000000001471e-01 1.582000000000000073e+00
8.058000000000000718e-01 1.582000000000000073e+00
8.084999999999999964e-01 1.582000000000000073e+00
8.111999999999999211e-01 1.582000000000000073e+00
8.004000000000002224e-01 1.584200000000000053e+00
8.031000000000001471e-01 1.584200000000000053e+00
8.058000000000000718e-01 1.584200000000000053e+00
8.084999999999999964e-01 1.584200000000000053e+00
8.111999999999999211e-01 1.584200000000000053e+00
8.139000000000002899e-01 1.584200000000000053e+00
8.031000000000001471e-01 1.586400000000000254e+00
8.058000000000000718e-01 1.586400000000000254e+00
8.084999999999999964e-01 1.586400000000000254e+00
8.111999999999999211e-01 1.586400000000000254e+00
8.139000000000002899e-01 1.586400000000000254e+00
8.166000000000002146e-01 1.586400000000000254e+00
8.193000000000001393e-01 1.586400000000000254e+00
8.058000000000000718e-01 1.588600000000000234e+00
8.084999999999999964e-01 1.588600000000000234e+00
8.111999999999999211e-01 1.588600000000000234e+00
8.139000000000002899e-01 1.588600000000000234e+00
8.166000000000002146e-01 1.588600000000000234e+00
8.193000000000001393e-01 1.588600000000000234e+00
8.220000000000000639e-01 1.588600000000000234e+00
8.084999999999999964e-01 1.590800000000000214e+00
8.111999999999999211e-01 1.590800000000000214e+00
8.139000000000002899e-01 1.590800000000000214e+00
8.166000000000002146e-01 1.590800000000000214e+00
8.193000000000001393e-01 1.590800000000000214e+00
8.220000000000000639e-01 1.590800000000000214e+00
8.246999999999999886e-01 1.590800000000000214e+00
8.139000000000002899e-01 1.593000000000000194e+00
8.166000000000002146e-01 1.593000000000000194e+00
8.193000000000001393e-01 1.593000000000000194e+00
8.220000000000000639e-01 1.593000000000000194e+00
8.246999999999999886e-01 1.593000000000000194e+00
8.273999999999999133e-01 1.593000000000000194e+00
8.166000000000002146e-01 1.595200000000000173e+00
8.193000000000001393e-01 1.595200000000000173e+00
8.220000000000000639e-01 1.595200000000000173e+00
8.246999999999999886e-01 1.595200000000000173e+00
8.273999999999999133e-01 1.595200000000000173e+00
8.301000000000002821e-01 1.595200000000000173e+00
8.328000000000002068e-01 1.595200000000000173e+00
8.193000000000001393e-01 1.597400000000000153e+00
8.220000000000000639e-01 1.597400000000000153e+00
8.246999999999999886e-01 1.597400000000000153e+00
8.273999999999999133e-01 1.597400000000000153e+00
8.301000000000002821e-01 1.597400000000000153e+00
8.328000000000002068e-01 1.597400000000000153e+00
8.355000000000001315e-01 1.597400000000000153e+00
8.220000000000000639e-01 1.599600000000000133e+00
8.246999999999999886e-01 1.599600000000000133e+00
8.273999999999999133e-01 1.599600000000000133e+00
8.301000000000002821e-01 1.599600000000000133e+00
8.328000000000002068e-01 1.599600000000000133e+00
8.355000000000001315e-01 1.599600000000000133e+00
8.382000000000000561e-01 1.599600000000000133e+00
8.246999999999999886e-01 1.601800000000000113e+00
8.273999999999999133e-01 1.601800000000000113e+00
8.301000000000002821e-01 1.601800000000000113e+00
8.328000000000002068e-01 1.601800000000000113e+00
8.355000000000001315e-01 1.601800000000000113e+00
8.382000000000000561e-01 1.601800000000000113e+00
8.408999999999999808e-01 1.601800000000000113e+00
8.301000000000002821e-01 1.604000000000000092e+00
8.328000000000002068e-01 1.604000000000000092e+00
8.355000000000001315e-01 1.604000000000000092e+00
8.382000000000000561e-01 1.604000000000000092e+00
8.408999999999999808e-01 1.604000000000000092e+00
8.435999999999999055e-01 1.604000000000000092e+00
8.328000000000002068e-01 1.606200000000000072e+00
8.355000000000001315e-01 1.606200000000000072e+00
8.382000000000000561e-01 1.606200000000000072e+00
8.408999999999999808e-01 1.606200000000000072e+00
8.435999999999999055e-01 1.606200000000000072e+00
8.463000000000002743e-01 1.606200000000000072e+00
8.490000000000001990e-01 1.606200000000000072e+00
8.355000000000001315e-01 1.608400000000000052e+00
8.382000000000000561e-01 1.608400000000000052e+00
8.408999999999999808e-01 1.608400000000000052e+00
8.435999999999999055e-01 1.608400000000000052e+00
8.463000000000002743e-01 1.608400000000000052e+00
8.490000000000001990e-01 1.608400000000000052e+00
8.517000000000001236e-01 1.608400000000000052e+00
8.382000000000000561e-01 1.610600000000000254e+00
8.408999999999999808e-01 1.610600000000000254e+00
8.435999999999999055e-01 1.610600000000000254e+00
8.463000000000002743e-01 1.610600000000000254e+00
8.490000000000001990e-01 1.610600000000000254e+00
8.517000000000001236e-01 1.610600000000000254e+00
8.544000000000000483e-01 1.610600000000000254e+00
8.435999999999999055e-01 1.612800000000000233e+00
8.463000000000002743e-01 1.612800000000000233e+00
8.490000000000001990e-01 1.612800000000000233e+00
8.517000000000001236e-01 1.612800000000000233e+00
8.544000000000000483e-01 1.612800000000000233e+00
8.570999999999999730e-01 1.612800000000000233e+00
8.463000000000002743e-01 1.615000000000000213e+00
8.490000000000001990e-01 1.615000000000000213e+00
8.517000000000001236e-01 1.615000000000000213e+00
8.544000000000000483e-01 1.615000000000000213e+00
8.570999999999999730e-01 1.615000000000000213e+00
8.598000000000003418e-01 1.615000000000000213e+00
8.625000000000002665e-01 1.615000000000000213e+00
8.490000000000001990e-01 1.617200000000000193e+00
8.517000000000001236e-01 1.617200000000000193e+00
8.544000000000000483e-01 1.617200000000000193e+00
8.570999999999999730e-01 1.617200000000000193e+00
8.598000000000003418e-01 1.617200000000000193e+00
8.625000000000002665e-01 1.617200000000000193e+00
8.652000000000001911e-01 1.617200000000000193e+00
8.517000000000001236e-01 1.619400000000000173e+00
8.544000000000000483e-01 1.619400000000000173e+00
8.570999999999999730e-01 1.619400000000000173e+00
8.598000000000003418e-01 1.619400000000000173e+00
8.625000000000002665e-01 1.619400000000000173e+00
8.652000000000001911e-01 1.619400000000000173e+00
8.679000000000001158e-01 1.619400000000000173e+00
8.570999999999999730e-01 1.621600000000000152e+00
8.598000000000003418e-01 1.621600000000000152e+00
8.625000000000002665e-01 1.621600000000000152e+00
8.652000000000001911e-01 1.621600000000000152e+00
8.679000000000001158e-01 1.621600000000000152e+00
8.706000000000000405e-01 1.621600000000000152e+00
8.598000000000003418e-01 1.623800000000000132e+00
8.625000000000002665e-01 1.623800000000000132e+00
8.652000000000001911e-01 1.623800000000000132e+00
8.679000000000001158e-01 1.623800000000000132e+00
8.706000000000000405e-01 1.623800000000000132e+00
8.732999999999999652e-01 1.623800000000000132e+00
8.760000000000003340e-01 1.623800000000000132e+00
8.625000000000002665e-01 1.626000000000000112e+00
8.652000000000001911e-01 1.626000000000000112e+00
8.679000000000001158e-01 1.626000000000000112e+00
8.706000000000000405e-01 1.626000000000000112e+00
8.732999999999999652e-01 1.626000000000000112e+00
8.760000000000003340e-01 1.626000000000000112e+00
8.787000000000002586e-01 1.626000000000000112e+00
8.652000000000001911e-01 1.628200000000000092e+00
8.679000000000001158e-01 1.628200000000000092e+00
8.706000000000000405e-01 1.628200000000000092e+00
8.732999999999999652e-01 1.628200000000000092e+00
8.760000000000003340e-01 1.628200000000000092e+00
8.787000000000002586e-01 1.628200000000000092e+00
8.814000000000001833e-01 1.628200000000000092e+00
8.679000000000001158e-01 1.630400000000000071e+00
8.706000000000000405e-01 1.630400000000000071e+00
8.732999999999999652e-01 1.630400000000000071e+00
8.760000000000003340e-01 1.630400000000000071e+00
8.787000000000002586e-01 1.630400000000000071e+00
8.814000000000001833e-01 1.630400000000000071e+00
8.841000000000001080e-01 1.630400000000000071e+00
8.732999999999999652e-01 1.632600000000000051e+00
8.760000000000003340e-01 1.632600000000000051e+00
8.787000000000002586e-01 1.632600000000000051e+00
8.814000000000001833e-01 1.632600000000000051e+00
8.841000000000001080e-01 1.632600000000000051e+00
8.868000000000000327e-01 1.632600000000000051e+00
8.760000000000003340e-01 1.634800000000000253e+00
8.787000000000002586e-01 1.634800000000000253e+00
8.814000000000001833e-01 1.634800000000000253e+00
8.841000000000001080e-01 1.634800000000000253e+00
8.868000000000000327e-01 1.634800000000000253e+00
8.894999999999999574e-01 1.634800000000000253e+00
8.922000000000003261e-01 1.634800000000000253e+00
8.787000000000002586e-01 1.637000000000000233e+00
8.814000000000001833e-01 1.637000000000000233e+00
8.841000000000001080e-01 1.637000000000000233e+00
8.868000000000000327e-01 1.637000000000000233e+00
8.894999999999999574e-01 1.637000000000000233e+00
8.922000000000003261e-01 1.637000000000000233e+00
8.949000000000002508e-01 1.637000000000000233e+00
8.814000000000001833e-01 1.639200000000000212e+00
8.841000000000001080e-01 1.639200000000000212e+00
8.868000000000000327e-01 1.639200000000000212e+00
8.894999999999999574e-01 1.639200000000000212e+00
8.922000000000003261e-01 1.639200000000000212e+00
8.949000000000002508e-01 1.639200000000000212e+00
8.976000000000001755e-01 1.639200000000000212e+00
8.868000000000000327e-01 1.641400000000000192e+00
8.894999999999999574e-01 1.641400000000000192e+00
8.922000000000003261e-01 1.641400000000000192e+00
8.949000000000002508e-01 1.641400000000000192e+00
8.976000000000001755e-01 1.641400000000000192e+00
9.003000000000001002e-01 1.641400000000000192e+00
8.894999999999999574e-01 1.643600000000000172e+00
8.922000000000003261e-01 1.643600000000000172e+00
8.949000000000002508e-01 1.643600000000000172e+00
8.976000000000001755e-01 1.643600000000000172e+00
9.003000000000001002e-01 1.643600000000000172e+00
9.030000000000000249e-01 1.643600000000000172e+00
9.056999999999999496e-01 1.643600000000000172e+00
8.922000000000003261e-01 1.645800000000000152e+00
8.949000000000002508e-01 1.645800000000000152e+00
8.976000000000001755e-01 1.645800000000000152e+00
9.003000000000001002e-01 1.645800000000000152e+00
9.030000000000000249e-01 1.645800000000000152e+00
9.056999999999999496e-01 1.645800000000000152e+00
9.084000000000003183e-01 1.645800000000000152e+00
8.949000000000002508e-01 1.648000000000000131e+00
8.976000000000001755e-01 1.648000000000000131e+00
9.003000000000001002e-01 1.648000000000000131e+00
9.030000000000000249e-01 1.648000000000000131e+00
9.056999999999999496e-01 1.648000000000000131e+00
9.084000000000003183e-01 1.648000000000000131e+00
9.111000000000002430e-01 1.648000000000000131e+00
8.976000000000001755e-01 1.650200000000000111e+00
9.003000000000001002e-01 1.650200000000000111e+00
9.030000000000000249e-01 1.650200000000000111e+00
9.056999999999999496e-01 1.650200000000000111e+00
9.084000000000003183e-01 1.650200000000000111e+00
9.111000000000002430e-01 1.650200000000000111e+00
9.138000000000001677e-01 1.650200000000000111e+00
9.030000000000000249e-01 1.652400000000000091e+00
9.056999999999999496e-01 1.652400000000000091e+00
9.084000000000003183e-01 1.652400000000000091e+00
9.111000000000002430e-01 1.652400000000000091e+00
9.138000000000001677e-01 1.652400000000000091e+00
9.165000000000000924e-01 1.652400000000000091e+00
9.056999999999999496e-01 1.654600000000000071e+00
9.084000000000003183e-01 1.654600000000000071e+00
9.111000000000002430e-01 1.654600000000000071e+00
9.138000000000001677e-01 1.654600000000000071e+00
9.165000000000000924e-01 1.654600000000000071e+00
9.192000000000000171e-01 1.654600000000000071e+00
9.218999999999999417e-01 1.654600000000000071e+00
9.084000000000003183e-01 1.656800000000000050e+00
9.111000000000002430e-01 1.656800000000000050e+00
9.138000000000001677e-01 1.656800000000000050e+00
9.165000000000000924e-01 1.656800000000000050e+00
9.192000000000000171e-01 1.656800000000000050e+00
9.218999999999999417e-01 1.656800000000000050e+00
9.246000000000003105e-01 1.656800000000000050e+00
9.111000000000002430e-01 1.659000000000000252e+00
9.138000000000001677e-01 1.659000000000000252e+00
9.165000000000000924e-01 1.659000000000000252e+00
9.192000000000000171e-01 1.659000000000000252e+00
9.218999999999999417e-01 1.659000000000000252e+00
9.246000000000003105e-01 1.659000000000000252e+00
9.273000000000002352e-01 1.659000000000000252e+00
9.138000000000001677e-01 1.661200000000000232e+00
9.165000000000000924e-01 1.661200000000000232e+00
9.192000000000000171e-01 1.661200000000000232e+00
9.218999999999999417e-01 1.661200000000000232e+00
9.246000000000003105e-01 1.661200000000000232e+00
9.273000000000002352e-01 1.661200000000000232e+00
9.300000000000001599e-01 1.661200000000000232e+00
9.192000000000000171e-01 1.663400000000000212e+00
9.218999999999999417e-01 1.663400000000000212e+00
9.246000000000003105e-01 1.663400000000000212e+00
9.273000000000002352e-01 1.663400000000000212e+00
9.300000000000001599e-01 1.663400000000000212e+00
9.327000000000000846e-01 1.663400000000000212e+00
9.354000000000000092e-01 1.663400000000000212e+00
9.218999999999999417e-01 1.665600000000000191e+00
9.246000000000003105e-01 1.665600000000000191e+00
9.273000000000002352e-01 1.665600000000000191e+00
9.300000000000001599e-01 1.665600000000000191e+00
9.327000000000000846e-01 1.665600000000000191e+00
9.354000000000000092e-01 1.665600000000000191e+00
9.380999999999999339e-01 1.665600000000000191e+00
9.246000000000003105e-01 1.667800000000000171e+00
9.273000000000002352e-01 1.667800000000000171e+00
9.300000000000001599e-01 1.667800000000000171e+00
9.327000000000000846e-01 1.667800000000000171e+00
9.354000000000000092e-01 1.667800000000000171e+00
9.380999999999999339e-01 1.667800000000000171e+00
9.408000000000003027e-01 1.667800000000000171e+00
9.273000000000002352e-01 1.670000000000000151e+00
9.300000000000001599e-01 1.670000000000000151e+00
9.327000000000000846e-01 1.670000000000000151e+00
9.354000000000000092e-01 1.670000000000000151e+00
9.380999999999999339e-01 1.670000000000000151e+00
9.408000000000003027e-01 1.670000000000000151e+00
9.435000000000002274e-01 1.670000000000000151e+00
9.300000000000001599e-01 1.672200000000000131e+00
9.327000000000000846e-01 1.672200000000000131e+00
9.354000000000000092e-01 1.672200000000000131e+00
9.380999999999999339e-01 1.672200000000000131e+00
9.408000000000003027e-01 1.672200000000000131e+00
9.435000000000002274e-01 1.672200000000000131e+00
9.462000000000001521e-01 1.672200000000000131e+00
9.354000000000000092e-01 1.674400000000000110e+00
9.380999999999999339e-01 1.674400000000000110e+00
9.408000000000003027e-01 1.674400000000000110e+00
9.435000000000002274e-01 1.674400000000000110e+00
9.462000000000001521e-01 1.674400000000000110e+00
9.489000000000000767e-01 1.674400000000000110e+00
9.516000000000000014e-01 1.674400000000000110e+00
9.380999999999999339e-01 1.676600000000000090e+00
9.408000000000003027e-01 1.676600000000000090e+00
9.435000000000002274e-01 1.676600000000000090e+00
9.462000000000001521e-01 1.676600000000000090e+00
9.489000000000000767e-01 1.676600000000000090e+00
9.516000000000000014e-01 1.676600000000000090e+00
9.542999999999999261e-01 1.676600000000000090e+00
9.408000000000003027e-01 1.678800000000000070e+00
9.435000000000002274e-01 1.678800000000000070e+00
9.462000000000001521e-01 1.678800000000000070e+00
9.489000000000000767e-01 1.678800000000000070e+00
9.516000000000000014e-01 1.678800000000000070e+00
9.542999999999999261e-01 1.678800000000000070e+00
9.570000000000002949e-01 1.678800000000000070e+00
9.435000000000002274e-01 1.681000000000000050e+00
9.462000000000001521e-01 1.681000000000000050e+00
9.489000000000000767e-01 1.681000000000000050e+00
9.516000000000000014e-01 1.681000000000000050e+00
9.542999999999999261e-01 1.681000000000000050e+00
9.570000000000002949e-01 1.681000000000000050e+00
9.597000000000002196e-01 1.681000000000000050e+00
9.489000000000000767e-01 1.683200000000000252e+00
9.516000000000000014e-01 1.683200000000000252e+00
9.542999999999999261e-01 1.683200000000000252e+00
9.570000000000002949e-01 1.683200000000000252e+00
9.597000000000002196e-01 1.683200000000000252e+00
9.624000000000001442e-01 1.683200000000000252e+00
9.516000000000000014e-01 1.685400000000000231e+00
9.542999999999999261e-01 1.685400000000000231e+00
9.570000000000002949e-01 1.685400000000000231e+00
9.597000000000002196e-01 1.685400000000000231e+00
9.624000000000001442e-01 1.685400000000000231e+00
9.651000000000000689e-01 1.685400000000000231e+00
9.677999999999999936e-01 1.685400000000000231e+00
9.542999999999999261e-01 1.687600000000000211e+00
9.570000000000002949e-01 1.687600000000000211e+00
9.597000000000002196e-01 1.687600000000000211e+00
9.624000000000001442e-01 1.687600000000000211e+00
9.651000000000000689e-01 1.687600000000000211e+00
9.677999999999999936e-01 1.687600000000000211e+00
9.704999999999999183e-01 1.687600000000000211e+00
9.570000000000002949e-01 1.689800000000000191e+00
9.597000000000002196e-01 1.689800000000000191e+00
9.624000000000001442e-01 1.689800000000000191e+00
9.651000000000000689e-01 1.689800000000000191e+00
9.677999999999999936e-01 1.689800000000000191e+00
9.704999999999999183e-01 1.689800000000000191e+00
9.732000000000002871e-01 1.689800000000000191e+00
9.597000000000002196e-01 1.692000000000000171e+00
9.624000000000001442e-01 1.692000000000000171e+00
9.651000000000000689e-01 1.692000000000000171e+00
9.677999999999999936e-01 1.692000000000000171e+00
9.704999999999999183e-01 1.692000000000000171e+00
9.732000000000002871e-01 1.692000000000000171e+00
9.759000000000002117e-01 1.692000000000000171e+00
9.651000000000000689e-01 1.694200000000000150e+00
9.677999999999999936e-01 1.694200000000000150e+00
9.704999999999999183e-01 1.694200000000000150e+00
9.732000000000002871e-01 1.694200000000000150e+00
9.759000000000002117e-01 1.694200000000000150e+00
9.786000000000001364e-01 1.694200000000000150e+00
9.677999999999999936e-01 1.696400000000000130e+00
9.704999999999999183e-01 1.696400000000000130e+00
9.732000000000002871e-01 1.696400000000000130e+00
9.759000000000002117e-01 1.696400000000000130e+00
9.786000000000001364e-01 1.696400000000000130e+00
9.813000000000000611e-01 1.696400000000000130e+00
9.839999999999999858e-01 1.696400000000000130e+00
9.704999999999999183e-01 1.698600000000000110e+00
9.732000000000002871e-01 1.698600000000000110e+00
9.759000000000002117e-01 1.698600000000000110e+00
9.786000000000001364e-01 1.698600000000000110e+00
9.813000000000000611e-01 1.698600000000000110e+00
9.839999999999999858e-01 1.698600000000000110e+00
9.866999999999999105e-01 1.698600000000000110e+00
9.732000000000002871e-01 1.700800000000000090e+00
9.759000000000002117e-01 1.700800000000000090e+00
9.786000000000001364e-01 1.700800000000000090e+00
9.813000000000000611e-01 1.700800000000000090e+00
9.839999999999999858e-01 1.700800000000000090e+00
9.866999999999999105e-01 1.700800000000000090e+00
9.894000000000002792e-01 1.700800000000000090e+00
9.759000000000002117e-01 1.703000000000000069e+00
9.786000000000001364e-01 1.703000000000000069e+00
9.813000000000000611e-01 1.703000000000000069e+00
9.839999999999999858e-01 1.703000000000000069e+00
9.866999999999999105e-01 1.703000000000000069e+00
9.894000000000002792e-01 1.703000000000000069e+00
9.921000000000002039e-01 1.703000000000000069e+00
9.813000000000000611e-01 1.705200000000000049e+00
9.839999999999999858e-01 1.705200000000000049e+00
9.866999999999999105e-01 1.705200000000000049e+00
9.894000000000002792e-01 1.705200000000000049e+00
9.921000000000002039e-01 1.705200000000000049e+00
9.948000000000001286e-01 1.705200000000000049e+00
9.839999999999999858e-01 1.707400000000000251e+00
9.866999999999999105e-01 1.707400000000000251e+00
9.894000000000002792e-01 1.707400000000000251e+00
9.921000000000002039e-01 1.707400000000000251e+00
9.948000000000001286e-01 1.707400000000000251e+00
9.975000000000000533e-01 1.707400000000000251e+00
1.000199999999999978e+00 1.707400000000000251e+00
9.866999999999999105e-01 1.709600000000000231e+00
9.894000000000002792e-01 1.709600000000000231e+00
9.921000000000002039e-01 1.709600000000000231e+00
9.948000000000001286e-01 1.709600000000000231e+00
9.975000000000000533e-01 1.709600000000000231e+00
1.000199999999999978e+00 1.709600000000000231e+00
1.002900000000000347e+00 1.709600000000000231e+00
9.894000000000002792e-01 1.711800000000000210e+00
9.921000000000002039e-01 1.711800000000000210e+00
9.948000000000001286e-01 1.711800000000000210e+00
9.975000000000000533e-01 1.711800000000000210e+00
1.000199999999999978e+00 1.711800000000000210e+00
1.002900000000000347e+00 1.711800000000000210e+00
1.005600000000000271e+00 1.711800000000000210e+00
9.921000000000002039e-01 1.714000000000000190e+00
9.948000000000001286e-01 1.714000000000000190e+00
9.975000000000000533e-01 1.714000000000000190e+00
1.000199999999999978e+00 1.714000000000000190e+00
1.002900000000000347e+00 1.714000000000000190e+00
1.005600000000000271e+00 1.714000000000000190e+00
1.008300000000000196e+00 1.714000000000000190e+00
9.975000000000000533e-01 1.716200000000000170e+00
1.000199999999999978e+00 1.716200000000000170e+00
1.002900000000000347e+00 1.716200000000000170e+00
1.005600000000000271e+00 1.716200000000000170e+00
1.008300000000000196e+00 1.716200000000000170e+00
1.011000000000000121e+00 1.716200000000000170e+00
1.000199999999999978e+00 1.718400000000000150e+00
1.002900000000000347e+00 1.718400000000000150e+00
1.005600000000000271e+00 1.718400000000000150e+00
1.008300000000000196e+00 1.718400000000000150e+00
1.011000000000000121e+00 1.718400000000000150e+00
1.013700000000000045e+00 1.718400000000000150e+00
1.016399999999999970e+00 1.718400000000000150e+00
1.002900000000000347e+00 1.720600000000000129e+00
1.005600000000000271e+00 1.720600000000000129e+00
1.008300000000000196e+00 1.720600000000000129e+00
1.011000000000000121e+00 1.720600000000000129e+00
1.013700000000000045e+00 1.720600000000000129e+00
1.016399999999999970e+00 1.720600000000000129e+00
1.019100000000000339e+00 1.720600000000000129e+00
1.005600000000000271e+00 1.722800000000000109e+00
1.008300000000000196e+00 1.722800000000000109e+00
1.011000000000000121e+00 1.722800000000000109e+00
1.013700000000000045e+00 1.722800000000000109e+00
1.016399999999999970e+00 1.722800000000000109e+00
1.019100000000000339e+00 1.722800000000000109e+00
1.021800000000000264e+00 1.722800000000000109e+00
1.008300000000000196e+00 1.725000000000000089e+00
1.011000000000000121e+00 1.725000000000000089e+00
1.013700000000000045e+00 1.725000000000000089e+00
1.016399999999999970e+00 1.725000000000000089e+00
1.019100000000000339e+00 1.725000000000000089e+00
1.021800000000000264e+00 1.725000000000000089e+00
1.024500000000000188e+00 1.725000000000000089e+00
1.011000000000000121e+00 1.727200000000000069e+00
1.013700000000000045e+00 1.727200000000000069e+00
1.016399999999999970e+00 1.727200000000000069e+00
1.019100000000000339e+00 1.727200000000000069e+00
1.021800000000000264e+00 1.727200000000000069e+00
1.024500000000000188e+00 1.727200000000000069e+00
1.027200000000000113e+00 1.727200000000000069e+00
1.016399999999999970e+00 1.729400000000000270e+00
1.019100000000000339e+00 1.729400000000000270e+00
1.021800000000000264e+00 1.729400000000000270e+00
1.024500000000000188e+00 1.729400000000000270e+00
1.027200000000000113e+00 1.729400000000000270e+00
1.029900000000000038e+00 1.729400000000000270e+00
1.032599999999999962e+00 1.729400000000000270e+00
1.019100000000000339e+00 1.731600000000000250e+00
1.021800000000000264e+00 1.731600000000000250e+00
1.024500000000000188e+00 1.731600000000000250e+00
1.027200000000000113e+00 1.731600000000000250e+00
1.029900000000000038e+00 1.731600000000000250e+00
1.032599999999999962e+00 1.731600000000000250e+00
1.035300000000000331e+00 1.731600000000000250e+00
1.021800000000000264e+00 1.733800000000000230e+00
1.024500000000000188e+00 1.733800000000000230e+00
1.027200000000000113e+00 1.733800000000000230e+00
1.029900000000000038e+00 1.733800000000000230e+00
1.032599999999999962e+00 1.733800000000000230e+00
1.035300000000000331e+00 1.733800000000000230e+00
1.038000000000000256e+00 1.733800000000000230e+00
1.024500000000000188e+00 1.736000000000000210e+00
1.027200000000000113e+00 1.736000000000000210e+00
1.029900000000000038e+00 1.736000000000000210e+00
1.032599999999999962e+00 1.736000000000000210e+00
1.035300000000000331e+00 1.736000000000000210e+00
1.038000000000000256e+00 1.736000000000000210e+00
1.040700000000000180e+00 1.736000000000000210e+00
1.027200000000000113e+00 1.738200000000000189e+00
1.029900000000000038e+00 1.738200000000000189e+00
1.032599999999999962e+00 1.738200000000000189e+00
1.035300000000000331e+00 1.738200000000000189e+00
1.038000000000000256e+00 1.738200000000000189e+00
1.040700000000000180e+00 1.738200000000000189e+00
1.043400000000000105e+00 1.738200000000000189e+00
1.032599999999999962e+00 1.740400000000000169e+00
1.035300000000000331e+00 1.740400000000000169e+00
1.038000000000000256e+00 1.740400000000000169e+00
1.040700000000000180e+00 1.740400000000000169e+00
1.043400000000000105e+00 1.740400000000000169e+00
1.046100000000000030e+00 1.740400000000000169e+00
1.048799999999999955e+00 1.740400000000000169e+00
1.035300000000000331e+00 1.742600000000000149e+00
1.038000000000000256e+00 1.742600000000000149e+00
1.040700000000000180e+00 1.742600000000000149e+00
1.043400000000000105e+00 1.742600000000000149e+00
1.046100000000000030e+00 1.742600000000000149e+00
1.048799999999999955e+00 1.742600000000000149e+00
1.051500000000000323e+00 1.742600000000000149e+00
1.038000000000000256e+00 1.744800000000000129e+00
1.040700000000000180e+00 1.744800000000000129e+00
1.043400000000000105e+00 1.744800000000000129e+00
1.046100000000000030e+00 1.744800000000000129e+00
1.048799999999999955e+00 1.744800000000000129e+00
1.051500000000000323e+00 1.744800000000000129e+00
1.054200000000000248e+00 1.744800000000000129e+00
1.040700000000000180e+00 1.747000000000000108e+00
1.043400000000000105e+00 1.747000000000000108e+00
1.046100000000000030e+00 1.747000000000000108e+00
1.048799999999999955e+00 1.747000000000000108e+00
1.051500000000000323e+00 1.747000000000000108e+00
1.054200000000000248e+00 1.747000000000000108e+00
1.056900000000000173e+00 1.747000000000000108e+00
1.043400000000000105e+00 1.749200000000000088e+00
1.046100000000000030e+00 1.749200000000000088e+00
1.048799999999999955e+00 1.749200000000000088e+00
1.051500000000000323e+00 1.749200000000000088e+00
1.054200000000000248e+00 1.749200000000000088e+00
1.056900000000000173e+00 1.749200000000000088e+00
1.059600000000000097e+00 1.749200000000000088e+00
1.048799999999999955e+00 1.751400000000000068e+00
1.051500000000000323e+00 1.751400000000000068e+00
1.054200000000000248e+00 1.751400000000000068e+00
1.056900000000000173e+00 1.751400000000000068e+00
1.059600000000000097e+00 1.751400000000000068e+00
1.062300000000000022e+00 1.751400000000000068e+00
1.064999999999999947e+00 1.751400000000000068e+00
1.051500000000000323e+00 1.753600000000000270e+00
1.054200000000000248e+00 1.753600000000000270e+00
1.056900000000000173e+00 1.753600000000000270e+00
1.059600000000000097e+00 1.753600000000000270e+00
1.062300000000000022e+00 1.753600000000000270e+00
1.064999999999999947e+00 1.753600000000000270e+00
1.067700000000000315e+00 1.753600000000000270e+00
1.054200000000000248e+00 1.755800000000000249e+00
1.056900000000000173e+00 1.755800000000000249e+00
1.059600000000000097e+00 1.755800000000000249e+00
1.062300000000000022e+00 1.755800000000000249e+00
1.064999999999999947e+00 1.755800000000000249e+00
1.067700000000000315e+00 1.755800000000000249e+00
1.070400000000000240e+00 1.755800000000000249e+00
1.056900000000000173e+00 1.758000000000000229e+00
1.059600000000000097e+00 1.758000000000000229e+00
1.062300000000000022e+00 1.758000000000000229e+00
1.064999999999999947e+00 1.758000000000000229e+00
1.067700000000000315e+00 1.758000000000000229e+00
1.070400000000000240e+00 1.758000000000000229e+00
1.073100000000000165e+00 1.758000000000000229e+00
1.059600000000000097e+00 1.760200000000000209e+00
1.062300000000000022e+00 1.760200000000000209e+00
1.064999999999999947e+00 1.760200000000000209e+00
1.067700000000000315e+00 1.760200000000000209e+00
1.070400000000000240e+00 1.760200000000000209e+00
1.073100000000000165e+00 1.760200000000000209e+00
1.075800000000000090e+00 1.760200000000000209e+00
1.062300000000000022e+00 1.762400000000000189e+00
1.064999999999999947e+00 1.762400000000000189e+00
1.067700000000000315e+00 1.762400000000000189e+00
1.070400000000000240e+00 1.762400000000000189e+00
1.073100000000000165e+00 1.762400000000000189e+00
1.075800000000000090e+00 1.762400000000000189e+00
1.078500000000000014e+00 1.762400000000000189e+00
1.081199999999999939e+00 1.762400000000000189e+00
1.067700000000000315e+00 1.764600000000000168e+00
1.070400000000000240e+00 1.764600000000000168e+00
1.073100000000000165e+00 1.764600000000000168e+00
1.075800000000000090e+00 1.764600000000000168e+00
1.078500000000000014e+00 1.764600000000000168e+00
1.081199999999999939e+00 1.764600000000000168e+00
1.083900000000000308e+00 1.764600000000000168e+00
1.070400000000000240e+00 1.766800000000000148e+00
1.073100000000000165e+00 1.766800000000000148e+00
1.075800000000000090e+00 1.766800000000000148e+00
1.078500000000000014e+00 1.766800000000000148e+00
1.081199999999999939e+00 1.766800000000000148e+00
1.083900000000000308e+00 1.766800000000000148e+00
1.086600000000000232e+00 1.766800000000000148e+00
1.073100000000000165e+00 1.769000000000000128e+00
1.075800000000000090e+00 1.769000000000000128e+00
1.078500000000000014e+00 1.769000000000000128e+00
1.081199999999999939e+00 1.769000000000000128e+00
1.083900000000000308e+00 1.769000000000000128e+00
1.086600000000000232e+00 1.769000000000000128e+00
1.089300000000000157e+00 1.769000000000000128e+00
1.075800000000000090e+00 1.771200000000000108e+00
1.078500000000000014e+00 1.771200000000000108e+00
1.081199999999999939e+00 1.771200000000000108e+00
1.083900000000000308e+00 1.771200000000000108e+00
1.086600000000000232e+00 1.771200000000000108e+00
1.089300000000000157e+00 1.771200000000000108e+00
1.092000000000000082e+00 1.771200000000000108e+00
1.078500000000000014e+00 1.773400000000000087e+00
1.081199999999999939e+00 1.773400000000000087e+00
1.083900000000000308e+00 1.773400000000000087e+00
1.086600000000000232e+00 1.773400000000000087e+00
1.089300000000000157e+00 1.773400000000000087e+00
1.092000000000000082e+00 1.773400000000000087e+00
1.094700000000000006e+00 1.773400000000000087e+00
1.083900000000000308e+00 1.775600000000000067e+00
1.086600000000000232e+00 1.775600000000000067e+00
1.089300000000000157e+00 1.775600000000000067e+00
1.092000000000000082e+00 1.775600000000000067e+00
1.094700000000000006e+00 1.775600000000000067e+00
1.097399999999999931e+00 1.775600000000000067e+00
1.100100000000000300e+00 1.775600000000000067e+00
1.086600000000000232e+00 1.777800000000000269e+00
1.089300000000000157e+00 1.777800000000000269e+00
1.092000000000000082e+00 1.777800000000000269e+00
1.094700000000000006e+00 1.777800000000000269e+00
1.097399999999999931e+00 1.777800000000000269e+00
1.100100000000000300e+00 1.777800000000000269e+00
1.102800000000000225e+00 1.777800000000000269e+00
1.089300000000000157e+00 1.780000000000000249e+00
1.092000000000000082e+00 1.780000000000000249e+00
1.094700000000000006e+00 1.780000000000000249e+00
1.097399999999999931e+00 1.780000000000000249e+00
1.100100000000000300e+00 1.780000000000000249e+00
1.102800000000000225e+00 1.780000000000000249e+00
1.105500000000000149e+00 1.780000000000000249e+00
1.092000000000000082e+00 1.782200000000000228e+00
1.094700000000000006e+00 1.782200000000000228e+00
1.097399999999999931e+00 1.782200000000000228e+00
1.100100000000000300e+00 1.782200000000000228e+00
1.102800000000000225e+00 1.782200000000000228e+00
1.105500000000000149e+00 1.782200000000000228e+00
1.108200000000000074e+00 1.782200000000000228e+00
1.094700000000000006e+00 1.784400000000000208e+00
1.097399999999999931e+00 1.784400000000000208e+00
1.100100000000000300e+00 1.784400000000000208e+00
1.102800000000000225e+00 1.784400000000000208e+00
1.105500000000000149e+00 1.784400000000000208e+00
1.108200000000000074e+00 1.784400000000000208e+00
1.110899999999999999e+00 1.784400000000000208e+00
1.097399999999999931e+00 1.786600000000000188e+00
1.100100000000000300e+00 1.786600000000000188e+00
1.102800000000000225e+00 1.786600000000000188e+00
1.105500000000000149e+00 1.786600000000000188e+00
1.108200000000000074e+00 1.786600000000000188e+00
1.110899999999999999e+00 1.786600000000000188e+00
1.113599999999999923e+00 1.786600000000000188e+00
1.116300000000000292e+00 1.786600000000000188e+00
1.102800000000000225e+00 1.788800000000000168e+00
1.105500000000000149e+00 1.788800000000000168e+00
1.108200000000000074e+00 1.788800000000000168e+00
1.110899999999999999e+00 1.788800000000000168e+00
1.113599999999999923e+00 1.788800000000000168e+00
1.116300000000000292e+00 1.788800000000000168e+00
1.119000000000000217e+00 1.788800000000000168e+00
1.105500000000000149e+00 1.791000000000000147e+00
1.108200000000000074e+00 1.791000000000000147e+00
1.110899999999999999e+00 1.791000000000000147e+00
1.113599999999999923e+00 1.791000000000000147e+00
1.116300000000000292e+00 1.791000000000000147e+00
1.119000000000000217e+00 1.791000000000000147e+00
1.121700000000000141e+00 1.791000000000000147e+00
1.108200000000000074e+00 1.793200000000000127e+00
1.110899999999999999e+00 1.793200000000000127e+00
1.113599999999999923e+00 1.793200000000000127e+00
1.116300000000000292e+00 1.793200000000000127e+00
1.119000000000000217e+00 1.793200000000000127e+00
1.121700000000000141e+00 1.793200000000000127e+00
1.124400000000000066e+00 1.793200000000000127e+00
1.110899999999999999e+00 1.795400000000000107e+00
1.113599999999999923e+00 1.795400000000000107e+00
1.116300000000000292e+00 1.795400000000000107e+00
1.119000000000000217e+00 1.795400000000000107e+00
1.121700000000000141e+00 1.795400000000000107e+00
1.124400000000000066e+00 1.795400000000000107e+00
1.127099999999999991e+00 1.795400000000000107e+00
1.113599999999999923e+00 1.797600000000000087e+00
1.116300000000000292e+00 1.797600000000000087e+00
1.119000000000000217e+00 1.797600000000000087e+00
1.121700000000000141e+00 1.797600000000000087e+00
1.124400000000000066e+00 1.797600000000000087e+00
1.127099999999999991e+00 1.797600000000000087e+00
1.129800000000000360e+00 1.797600000000000087e+00
1.119000000000000217e+00 1.799800000000000066e+00
1.121700000000000141e+00 1.799800000000000066e+00
1.124400000000000066e+00 1.799800000000000066e+00
1.127099999999999991e+00 1.799800000000000066e+00
1.129800000000000360e+00 1.799800000000000066e+00
1.132500000000000284e+00 1.799800000000000066e+00
1.135200000000000209e+00 1.799800000000000066e+00
1.121700000000000141e+00 1.802000000000000268e+00
1.124400000000000066e+00 1.802000000000000268e+00
1.127099999999999991e+00 1.802000000000000268e+00
1.129800000000000360e+00 1.802000000000000268e+00
1.132500000000000284e+00 1.802000000000000268e+00
1.135200000000000209e+00 1.802000000000000268e+00
1.137900000000000134e+00 1.802000000000000268e+00
1.124400000000000066e+00 1.804200000000000026e+00
1.127099999999999991e+00 1.804200000000000026e+00
1.129800000000000360e+00 1.804200000000000026e+00
1.132500000000000284e+00 1.804200000000000026e+00
1.135200000000000209e+00 1.804200000000000026e+00
1.137900000000000134e+00 1.804200000000000026e+00
1.140600000000000058e+00 1.804200000000000026e+00
1.127099999999999991e+00 1.806400000000000228e+00
1.129800000000000360e+00 1.806400000000000228e+00
1.132500000000000284e+00 1.806400000000000228e+00
1.135200000000000209e+00 1.806400000000000228e+00
1.137900000000000134e+00 1.806400000000000228e+00
1.140600000000000058e+00 1.806400000000000228e+00
1.143299999999999983e+00 1.806400000000000228e+00
1.129800000000000360e+00 1.808599999999999985e+00
1.132500000000000284e+00 1.808599999999999985e+00
1.135200000000000209e+00 1.808599999999999985e+00
1.137900000000000134e+00 1.808599999999999985e+00
1.140600000000000058e+00 1.808599999999999985e+00
1.143299999999999983e+00 1.808599999999999985e+00
1.146000000000000352e+00 1.808599999999999985e+00
1.132500000000000284e+00 1.810800000000000187e+00
1.135200000000000209e+00 1.810800000000000187e+00
1.137900000000000134e+00 1.810800000000000187e+00
1.140600000000000058e+00 1.810800000000000187e+00
1.143299999999999983e+00 1.810800000000000187e+00
1.146000000000000352e+00 1.810800000000000187e+00
1.148700000000000276e+00 1.810800000000000187e+00
1.151400000000000201e+00 1.810800000000000187e+00
1.137900000000000134e+00 1.812999999999999945e+00
1.140600000000000058e+00 1.812999999999999945e+00
1.143299999999999983e+00 1.812999999999999945e+00
1.146000000000000352e+00 1.812999999999999945e+00
1.148700000000000276e+00 1.812999999999999945e+00
1.151400000000000201e+00 1.812999999999999945e+00
1.154100000000000126e+00 1.812999999999999945e+00
1.140600000000000058e+00 1.815200000000000147e+00
1.143299999999999983e+00 1.815200000000000147e+00
1.146000000000000352e+00 1.815200000000000147e+00
1.148700000000000276e+00 1.815200000000000147e+00
1.151400000000000201e+00 1.815200000000000147e+00
1.154100000000000126e+00 1.815200000000000147e+00
1.156800000000000050e+00 1.815200000000000147e+00
1.143299999999999983e+00 1.817400000000000349e+00
1.146000000000000352e+00 1.817400000000000349e+00
1.148700000000000276e+00 1.817400000000000349e+00
1.151400000000000201e+00 1.817400000000000349e+00
1.154100000000000126e+00 1.817400000000000349e+00
1.156800000000000050e+00 1.817400000000000349e+00
1.159499999999999975e+00 1.817400000000000349e+00
1.146000000000000352e+00 1.819600000000000106e+00
1.148700000000000276e+00 1.819600000000000106e+00
1.151400000000000201e+00 1.819600000000000106e+00
1.154100000000000126e+00 1.819600000000000106e+00
1.156800000000000050e+00 1.819600000000000106e+00
1.159499999999999975e+00 1.819600000000000106e+00
1.162200000000000344e+00 1.819600000000000106e+00
1.148700000000000276e+00 1.821800000000000308e+00
1.151400000000000201e+00 1.821800000000000308e+00
1.154100000000000126e+00 1.821800000000000308e+00
1.156800000000000050e+00 1.821800000000000308e+00
1.159499999999999975e+00 1.821800000000000308e+00
1.162200000000000344e+00 1.821800000000000308e+00
1.164900000000000269e+00 1.821800000000000308e+00
1.151400000000000201e+00 1.824000000000000066e+00
1.154100000000000126e+00 1.824000000000000066e+00
1.156800000000000050e+00 1.824000000000000066e+00
1.159499999999999975e+00 1.824000000000000066e+00
1.162200000000000344e+00 1.824000000000000066e+00
1.164900000000000269e+00 1.824000000000000066e+00
1.167600000000000193e+00 1.824000000000000066e+00
1.170300000000000118e+00 1.824000000000000066e+00
1.156800000000000050e+00 1.826200000000000268e+00
1.159499999999999975e+00 1.826200000000000268e+00
1.162200000000000344e+00 1.826200000000000268e+00
1.164900000000000269e+00 1.826200000000000268e+00
1.167600000000000193e+00 1.826200000000000268e+00
1.170300000000000118e+00 1.826200000000000268e+00
1.173000000000000043e+00 1.826200000000000268e+00
1.159499999999999975e+00 1.828400000000000025e+00
1.162200000000000344e+00 1.828400000000000025e+00
1.164900000000000269e+00 1.828400000000000025e+00
1.167600000000000193e+00 1.828400000000000025e+00
1.170300000000000118e+00 1.828400000000000025e+00
1.173000000000000043e+00 1.828400000000000025e+00
1.175699999999999967e+00 1.828400000000000025e+00
1.162200000000000344e+00 1.830600000000000227e+00
1.164900000000000269e+00 1.830600000000000227e+00
1.167600000000000193e+00 1.830600000000000227e+00
1.170300000000000118e+00 1.830600000000000227e+00
1.173000000000000043e+00 1.830600000000000227e+00
1.175699999999999967e+00 1.830600000000000227e+00
1.178400000000000336e+00 1.830600000000000227e+00
1.164900000000000269e+00 1.832799999999999985e+00
1.167600000000000193e+00 1.832799999999999985e+00
1.170300000000000118e+00 1.832799999999999985e+00
1.173000000000000043e+00 1.832799999999999985e+00
1.175699999999999967e+00 1.832799999999999985e+00
1.178400000000000336e+00 1.832799999999999985e+00
1.181100000000000261e+00 1.832799999999999985e+00
1.167600000000000193e+00 1.835000000000000187e+00
1.170300000000000118e+00 1.835000000000000187e+00
1.173000000000000043e+00 1.835000000000000187e+00
1.175699999999999967e+00 1.835000000000000187e+00
1.178400000000000336e+00 1.835000000000000187e+00
1.181100000000000261e+00 1.835000000000000187e+00
1.183800000000000185e+00 1.835000000000000187e+00
1.170300000000000118e+00 1.837200000000000388e+00
1.173000000000000043e+00 1.837200000000000388e+00
1.175699999999999967e+00 1.837200000000000388e+00
1.178400000000000336e+00 1.837200000000000388e+00
1.181100000000000261e+00 1.837200000000000388e+00
1.183800000000000185e+00 1.837200000000000388e+00
1.186500000000000110e+00 1.837200000000000388e+00
1.189200000000000035e+00 1.837200000000000388e+00
1.175699999999999967e+00 1.839400000000000146e+00
1.178400000000000336e+00 1.839400000000000146e+00
1.181100000000000261e+00 1.839400000000000146e+00
1.183800000000000185e+00 1.839400000000000146e+00
1.186500000000000110e+00 1.839400000000000146e+00
1.189200000000000035e+00 1.839400000000000146e+00
1.191899999999999959e+00 1.839400000000000146e+00
1.178400000000000336e+00 1.841600000000000348e+00
1.181100000000000261e+00 1.841600000000000348e+00
1.183800000000000185e+00 1.841600000000000348e+00
1.186500000000000110e+00 1.841600000000000348e+00
1.189200000000000035e+00 1.841600000000000348e+00
1.191899999999999959e+00 1.841600000000000348e+00
1.194600000000000328e+00 1.841600000000000348e+00
1.181100000000000261e+00 1.843800000000000106e+00
1.183800000000000185e+00 1.843800000000000106e+00
1.186500000000000110e+00 1.843800000000000106e+00
1.189200000000000035e+00 1.843800000000000106e+00
1.191899999999999959e+00 1.843800000000000106e+00
1.194600000000000328e+00 1.843800000000000106e+00
1.197300000000000253e+00 1.843800000000000106e+00
1.183800000000000185e+00 1.846000000000000307e+00
1.186500000000000110e+00 1.846000000000000307e+00
1.189200000000000035e+00 1.846000000000000307e+00
1.191899999999999959e+00 1.846000000000000307e+00
1.194600000000000328e+00 1.846000000000000307e+00
1.197300000000000253e+00 1.846000000000000307e+00
1.186500000000000110e+00 1.848200000000000065e+00
1.189200000000000035e+00 1.848200000000000065e+00
1.191899999999999959e+00 1.848200000000000065e+00
1.194600000000000328e+00 1.848200000000000065e+00
1.197300000000000253e+00 1.848200000000000065e+00
1.189200000000000035e+00 1.850400000000000267e+00
1.191899999999999959e+00 1.850400000000000267e+00
1.194600000000000328e+00 1.850400000000000267e+00
1.197300000000000253e+00 1.850400000000000267e+00
1.194600000000000328e+00 1.852600000000000025e+00
1.197300000000000253e+00 1.852600000000000025e+00
1.197300000000000253e+00 1.854800000000000226e+00
