phi_deg, psi_deg, phi, psi, grad_phi, grad_psi
-180, -180, -3.141592653589793, -3.141592653589793, -47.714896882677685, 11.502081718110265
-180, -170, -3.141592653589793, -2.9670597283903604, -44.67148524850933, 21.01866282720451
-180, -160, -3.141592653589793, -2.792526803190927, -44.860493075932, 22.676757687316353
-180, -150, -3.141592653589793, -2.6179938779914944, -45.77542536826981, 16.8502078368489
-180, -140, -3.141592653589793, -2.443460952792061, -48.758018312642044, 18.00004321592282
-180, -130, -3.141592653589793, -2.2689280275926285, -47.49898717286476, 13.11306422373881
-180, -120, -3.141592653589793, -2.0943951023931953, -50.1186734730886, 6.009604193631078
-180, -110, -3.141592653589793, -1.9198621771937625, -47.640628048036895, 3.5788248022454727
-180, -100, -3.141592653589793, -1.7453292519943295, -46.95920672043887, -2.2099885212756405
-180, -90, -3.141592653589793, -1.5707963267948966, -42.89737884695327, -14.088494459567215
-180, -80, -3.141592653589793, -1.3962634015954636, -44.29725217209885, -15.011205986681144
-180, -70, -3.141592653589793, -1.2217304763960306, -39.72032435490896, -18.614574200421824
-180, -60, -3.141592653589793, -1.0471975511965976, -39.12890734584957, -16.732531236517797
-180, -50, -3.141592653589793, -0.8726646259971648, -43.146397580767314, -12.386875498162771
-180, -40, -3.141592653589793, -0.6981317007977318, -42.01222623729922, -9.149417364598058
-180, -30, -3.141592653589793, -0.5235987755982988, -44.007178176498314, -6.964685777939533
-180, -20, -3.141592653589793, -0.3490658503988659, -45.561881071223084, -1.2723833329976324
-180, -10, -3.141592653589793, -0.17453292519943295, -50.88170570913071, -0.02116272438304783
-180, 0, -3.141592653589793, 0.0, -50.02971677213133, 6.580177644710579
-180, 10, -3.141592653589793, 0.17453292519943295, -55.45989746920229, 3.30281741500181
-180, 20, -3.141592653589793, 0.3490658503988659, -52.66307696661573, 4.042618861939748
-180, 30, -3.141592653589793, 0.5235987755982988, -54.503128079777, 6.827326496502408
-180, 40, -3.141592653589793, 0.6981317007977318, -54.76120763348613, 3.544936326673906
-180, 50, -3.141592653589793, 0.8726646259971648, -48.28433784383291, -0.42801072938213913
-180, 60, -3.141592653589793, 1.0471975511965976, -51.08710828961058, 6.240449400190445
-180, 70, -3.141592653589793, 1.2217304763960306, -45.51171524595114, -3.0579407696380576
-180, 80, -3.141592653589793, 1.3962634015954636, -44.656428903762134, 0.7795013958627818
-180, 90, -3.141592653589793, 1.5707963267948966, -43.71654943398336, -5.952439672169307
-180, 100, -3.141592653589793, 1.7453292519943295, -43.80939665441588, -9.15852644878424
-180, 110, -3.141592653589793, 1.9198621771937625, -38.387398363813624, -19.374918614620725
-180, 120, -3.141592653589793, 2.0943951023931953, -36.666376877553596, -14.24941856488857
-180, 130, -3.141592653589793, 2.2689280275926285, -42.99484899179022, -10.54820793631366
-180, 140, -3.141592653589793, 2.443460952792061, -43.614652599961474, -7.185426449455753
-180, 150, -3.141592653589793, 2.6179938779914944, -45.301142078441195, -6.460207836848899
-180, 160, -3.141592653589793, 2.792526803190927, -41.650609157613616, 3.617994807693633
-180, 170, -3.141592653589793, 2.9670597283903604, -42.620507661120804, 10.60443236804582
-180, 180, -3.141592653589793, 3.141592653589793, -43.88673935465621, 20.447837708700117
-170, -180, -2.9670597283903604, -3.141592653589793, -30.692674498144793, 14.157224960857345
-170, -170, -2.9670597283903604, -2.9670597283903604, -34.881159528084915, 19.442453246366185
-170, -160, -2.9670597283903604, -2.792526803190927, -25.34696990732643, 26.029562078533917
-170, -150, -2.9670597283903604, -2.6179938779914944, -35.63448886940227, 20.979505242038513
-170, -140, -2.9670597283903604, -2.443460952792061, -33.43701980752603, 21.8963326370805
-170, -130, -2.9670597283903604, -2.2689280275926285, -35.483758330480114, 12.697435481223842
-170, -120, -2.9670597283903604, -2.0943951023931953, -36.83567050612882, 2.0489295429324823
-170, -110, -2.9670597283903604, -1.9198621771937625, -36.96832120473162, -0.43151252310382787
-170, -100, -2.9670597283903604, -1.7453292519943295, -31.510484877386315, -4.092709080157878
-170, -90, -2.9670597283903604, -1.5707963267948966, -34.18827529654799, -11.121512423639075
-170, -80, -2.9670597283903604, -1.3962634015954636, -32.86569246221665, -13.29940159546358
-170, -70, -2.9670597283903604, -1.2217304763960306, -30.458652542056978, -17.54315903076114
-170, -60, -2.9670597283903604, -1.0471975511965976, -32.14184615483142, -20.344353591807216
-170, -50, -2.9670597283903604, -0.8726646259971648, -30.63279425862385, -13.881091067025046
-170, -40, -2.9670597283903604, -0.6981317007977318, -26.92988008696714, -8.290515168989275
-170, -30, -2.9670597283903604, -0.5235987755982988, -30.10076032648811, -2.483001147201011
-170, -20, -2.9670597283903604, -0.3490658503988659, -29.32483817079949, 1.5687064873616487
-170, -10, -2.9670597283903604, -0.17453292519943295, -31.55435114485138, 3.267056836495196
-170, 0, -2.9670597283903604, 0.0, -38.35217150413282, 11.179339321357286
-170, 10, -2.9670597283903604, 0.17453292519943295, -38.332419009122844, -4.043006936295593
-170, 20, -2.9670597283903604, 0.3490658503988659, -37.16829126461186, 5.126758582498629
-170, 30, -2.9670597283903604, 0.5235987755982988, -37.64642499714679, 2.8044063368217715
-170, 40, -2.9670597283903604, 0.6981317007977318, -35.67008767179749, 7.169016166993266
-170, 50, -2.9670597283903604, 0.8726646259971648, -35.74038507698711, 6.202212823512074
-170, 60, -2.9670597283903604, 1.0471975511965976, -35.201790266607865, 1.034573152685453
-170, 70, -2.9670597283903604, 1.2217304763960306, -32.72272839036037, 1.2709175137950757
-170, 80, -2.9670597283903604, 1.3962634015954636, -32.44315553606895, -1.1431692628198533
-170, 90, -2.9670597283903604, 1.5707963267948966, -29.429530785569938, -5.712190171171304
-170, 100, -2.9670597283903604, 1.7453292519943295, -24.072622601937212, -9.67754640886408
-170, 110, -2.9670597283903604, 1.9198621771937625, -30.747963919302478, -12.46658727729538
-170, 120, -2.9670597283903604, 2.0943951023931953, -29.617399049042998, -10.148420560896549
-170, 130, -2.9670597283903604, 2.2689280275926285, -29.559614617905275, -11.893160032122033
-170, 140, -2.9670597283903604, 2.443460952792061, -30.372335176787516, -11.121474353647368
-170, 150, -2.9670597283903604, 2.6179938779914944, -29.50024735243621, -7.735868515491612
-170, 160, -2.9670597283903604, 2.792526803190927, -31.317538769601875, -1.7120910206496827
-170, 170, -2.9670597283903604, 2.9670597283903604, -30.694195456228627, 10.595444957226638
-170, 180, -2.9670597283903604, 3.141592653589793, -34.30290004704699, 14.485627684642312
-160, -180, -2.792526803190927, -3.141592653589793, -14.46122235260382, 12.533199782495693
-160, -170, -2.792526803190927, -2.9670597283903604, -12.252875047214587, 20.437797172872347
-160, -160, -2.792526803190927, -2.792526803190927, -21.14866546637626, 19.033346509671635
-160, -150, -2.792526803190927, -2.6179938779914944, -15.472407981346313, 23.561337577367862
-160, -140, -2.792526803190927, -2.443460952792061, -18.548791214879262, 16.127204892569516
-160, -130, -2.792526803190927, -2.2689280275926285, -19.52482115499902, 11.719996359467348
-160, -120, -2.792526803190927, -2.0943951023931953, -22.942729338631754, 12.960588225567204
-160, -110, -2.792526803190927, -1.9198621771937625, -20.81363951827246, -1.6269955570359638
-160, -100, -2.792526803190927, -1.7453292519943295, -23.24920838054792, -4.578355786744701
-160, -90, -2.792526803190927, -1.5707963267948966, -19.867779238831357, -13.38404535777081
-160, -80, -2.792526803190927, -1.3962634015954636, -20.187998799709604, -15.324319759136236
-160, -70, -2.792526803190927, -1.2217304763960306, -19.683094608092837, -16.037725897028615
-160, -60, -2.792526803190927, -1.0471975511965976, -18.960012771765488, -12.812609080829164
-160, -50, -2.792526803190927, -0.8726646259971648, -13.632619558192628, -16.560224799559975
-160, -40, -2.792526803190927, -0.6981317007977318, -17.36593891947007, -5.107872454418418
-160, -30, -2.792526803190927, -0.5235987755982988, -18.719869059190643, -6.313366416662088
-160, -20, -2.792526803190927, -0.3490658503988659, -20.84416047635632, -4.318401297069489
-160, -10, -2.792526803190927, -0.17453292519943295, -21.511739318671687, 3.4501247007666525
-160, 0, -2.792526803190927, 0.0, -22.907900995318386, -0.2938243512974053
-160, 10, -2.792526803190927, 0.17453292519943295, -21.806150496316388, 1.067224600630553
-160, 20, -2.792526803190927, 0.3490658503988659, -21.852767262783438, 2.59796616732897
-160, 30, -2.792526803190927, 0.5235987755982988, -23.945364069170672, 5.7358933627698745
-160, 40, -2.792526803190927, 0.6981317007977318, -23.422136524260495, 2.8019283426419688
-160, 50, -2.792526803190927, 0.8726646259971648, -21.652902991326364, 6.429927394370354
-160, 60, -2.792526803190927, 1.0471975511965976, -22.165062671965085, 2.940167963064695
-160, 70, -2.792526803190927, 1.2217304763960306, -19.5659748476138, 3.679157034753159
-160, 80, -2.792526803190927, 1.3962634015954636, -21.70939001727446, 3.325918561531448
-160, 90, -2.792526803190927, 1.5707963267948966, -19.557773250807408, -7.49316821508348
-160, 100, -2.792526803190927, 1.7453292519943295, -17.507553689929164, -8.971961578524754
-160, 110, -2.792526803190927, 1.9198621771937625, -12.610922951406202, -12.54509027130735
-160, 120, -2.792526803190927, 2.0943951023931953, -17.69524430869163, -12.313436528960414
-160, 130, -2.792526803190927, 2.2689280275926285, -18.024160476356304, -11.69124985248133
-160, 140, -2.792526803190927, 2.443460952792061, -13.216010775757512, -11.418987327699265
-160, 150, -2.792526803190927, 2.6179938779914944, -16.23273931867168, -7.744341569383823
-160, 160, -2.792526803190927, 2.792526803190927, -18.495392013282448, -2.0485141743422974
-160, 170, -2.792526803190927, 2.9670597283903604, -16.554539717873265, 11.632812222695692
-160, 180, -2.792526803190927, 3.141592653589793, -13.248080636036946, 18.82408013871347
-150, -180, -2.6179938779914944, -3.141592653589793, -4.097638470536335, 17.799124677326162
-150, -170, -2.6179938779914944, -2.9670597283903604, -6.0742492489794335, 21.535992781654787
-150, -160, -2.6179938779914944, -2.792526803190927, -5.3288101272229484, 21.54521339026962
-150, -150, -2.6179938779914944, -2.6179938779914944, -10.343999747981435, 17.17801821609042
-150, -140, -2.6179938779914944, -2.443460952792061, -8.35274026694351, 15.690442417519629
-150, -130, -2.6179938779914944, -2.2689280275926285, -9.487592562352708, 10.710477397391502
-150, -120, -2.6179938779914944, -2.0943951023931953, -9.749287173131144, 8.29654630939954
-150, -110, -2.6179938779914944, -1.9198621771937625, -10.825452841793815, 4.3417010497504585
-150, -100, -2.6179938779914944, -1.7453292519943295, -6.485139468540315, -4.957230038241706
-150, -90, -2.6179938779914944, -1.5707963267948966, -5.450684378719961, -8.071975497491366
-150, -80, -2.6179938779914944, -1.3962634015954636, -11.460750246983428, -14.695449499655199
-150, -70, -2.6179938779914944, -1.2217304763960306, -11.38150873001738, -18.961400547727216
-150, -60, -2.6179938779914944, -1.0471975511965976, -6.474889967542325, -15.375489320350127
-150, -50, -2.6179938779914944, -0.8726646259971648, -5.63968038670399, -11.25606711492924
-150, -40, -2.6179938779914944, -0.6981317007977318, -4.600536674129145, -11.287573053220811
-150, -30, -2.6179938779914944, -0.5235987755982988, -10.287694358759872, -11.675805538418578
-150, -20, -2.6179938779914944, -0.3490658503988659, -8.194135476524355, -2.600742614434756
-150, -10, -2.6179938779914944, -0.17453292519943295, -9.911185376723957, -0.9459990517283576
-150, 0, -2.6179938779914944, 0.0, -10.51833108530679, 1.6826546906187634
-150, 10, -2.6179938779914944, 0.17453292519943295, -10.867241264947504, 4.852088872087638
-150, 20, -2.6179938779914944, 0.3490658503988659, -12.893670406664073, 3.7976068858918444
-150, 30, -2.6179938779914944, 0.5235987755982988, -12.48453068610519, 2.9319312869215697
-150, 40, -2.6179938779914944, 0.6981317007977318, -14.227147452572261, 6.564022155017219
-150, 50, -2.6179938779914944, 0.8726646259971648, -9.824492761953486, 9.064749749659777
-150, 60, -2.6179938779914944, 1.0471975511965976, -5.857179388700001, 6.392754789412
-150, 70, -2.6179938779914944, 1.2217304763960306, -10.109522702073253, 4.736520308206258
-150, 80, -2.6179938779914944, 1.3962634015954636, -5.551305137203005, -1.2019836340773362
-150, 90, -2.6179938779914944, 1.5707963267948966, -6.0413310853067825, -2.929531488536576
-150, 100, -2.6179938779914944, 1.7453292519943295, -6.146287173131146, -9.412322855969867
-150, 110, -2.6179938779914944, 1.9198621771937625, -3.650800147183034, -9.314551349151658
-150, 120, -2.6179938779914944, 2.0943951023931953, -6.4051055364045935, -17.111873654708926
-150, 130, -2.6179938779914944, 2.2689280275926285, -8.3558799875024, -14.623627097990306
-150, 140, -2.6179938779914944, 2.443460952792061, -5.8917682110552905, -10.558568166022614
-150, 150, -2.6179938779914944, 2.6179938779914944, -1.1639438597578913, -3.7540122280664674
-150, 160, -2.6179938779914944, 2.792526803190927, -3.986185376723952, -0.5457217591726398
-150, 170, -2.6179938779914944, 2.9670597283903604, -9.437341065346708, 4.807694458224629
-150, 180, -2.6179938779914944, 3.141592653589793, -10.117121504468466, 15.43167312299814
-140, -180, -2.443460952792061, -3.141592653589793, 2.5022188646254064, 10.67556165976956
-140, -170, -2.443460952792061, -2.9670597283903604, 3.2181629764018482, 19.27265545630548
-140, -160, -2.443460952792061, -2.792526803190927, 4.175727846661341, 18.37812096076944
-140, -150, -2.443460952792061, -2.6179938779914944, -1.5007971034384635, 20.083966319882826
-140, -140, -2.443460952792061, -2.443460952792061, 2.8703246530485638, 21.843665970413834
-140, -130, -2.443460952792061, -2.2689280275926285, -5.107353989666008, 14.799633086014259
-140, -120, -2.443460952792061, -2.0943951023931953, 1.480117068218236, 5.67478383434965
-140, -110, -2.443460952792061, -1.9198621771937625, -0.1291963050352709, 2.713742965918127
-140, -100, -2.443460952792061, -1.7453292519943295, -2.629513670304741, -3.087375746824542
-140, -90, -2.443460952792061, -1.5707963267948966, -0.6164837301849659, -8.430700048389577
-140, -80, -2.443460952792061, -1.3962634015954636, -0.29331406950631095, -12.186259878896712
-140, -70, -2.443460952792061, -1.2217304763960306, -1.557653390863619, -15.629783781260148
-140, -60, -2.443460952792061, -1.0471975511965976, -3.9882122730991374, -18.06152524849384
-140, -50, -2.443460952792061, -0.8726646259971648, 1.7553366290964711, -12.809921406346403
-140, -40, -2.443460952792061, -0.6981317007977318, -0.6178390196061234, -13.654493212901453
-140, -30, -2.443460952792061, -0.5235987755982988, -1.4994817341769824, -11.279220708079254
-140, -20, -2.443460952792061, -0.3490658503988659, -1.4015196583286802, -2.4356428140355577
-140, -10, -2.443460952792061, -0.17453292519943295, -2.4315875226001373, -4.572200648534745
-140, 0, -2.443460952792061, 0.0, -5.010294109426483, 0.9485269461077841
-140, 10, -2.443460952792061, 0.17453292519943295, -6.252585526592155, 0.5504760976365407
-140, 20, -2.443460952792061, 0.3490658503988659, 0.08744042151163582, 5.052714670322983
-140, 30, -2.443460952792061, 0.5235987755982988, -0.9793939098256823, 5.867605937620175
-140, 40, -2.443460952792061, 0.6981317007977318, 4.5547837348849, 9.838800598130993
-140, 50, -2.443460952792061, 0.8726646259971648, 2.596344613128401, 5.9807577336917115
-140, 60, -2.443460952792061, 1.0471975511965976, -3.2966593788875707, 4.817936426138553
-140, 70, -2.443460952792061, 1.2217304763960306, 0.16749231771921927, 1.4244504479268114
-140, 80, -2.443460952792061, 1.3962634015954636, 3.5430272478589404, -0.5139097817819315
-140, 90, -2.443460952792061, 1.5707963267948966, 1.8367917189168304, 0.6970972539783924
-140, 100, -2.443460952792061, 1.7453292519943295, -2.17367135493547, -6.476596309063675
-140, 110, -2.443460952792061, 1.9198621771937625, -0.3931843289873654, -12.461325800249467
-140, 120, -2.443460952792061, 2.0943951023931953, 0.3357937149248077, -13.33476587027779
-140, 130, -2.443460952792061, 2.2689280275926285, 2.536777746860945, -11.295511329527232
-140, 140, -2.443460952792061, 2.443460952792061, 1.527538225902856, -9.232137028298066
-140, 150, -2.443460952792061, 2.6179938779914944, -6.578312073498328, -5.485852547427742
-140, 160, -2.443460952792061, 2.792526803190927, -5.258234229186963, 0.9374279414261669
-140, 170, -2.443460952792061, 2.9670597283903604, -0.31209251262008536, 9.035019807526028
-140, 180, -2.443460952792061, 3.141592653589793, 8.278412477399858, 19.419368790128996
-130, -180, -2.2689280275926285, -3.141592653589793, 3.9315073375112592, 13.8075321894776
-130, -170, -2.2689280275926285, -2.9670597283903604, -1.0807241994148806, 20.957665436345405
-130, -160, -2.2689280275926285, -2.792526803190927, 5.942170012161971, 17.10025269729639
-130, -150, -2.2689280275926285, -2.6179938779914944, 6.054718914357568, 21.30890843565129
-130, -140, -2.2689280275926285, -2.443460952792061, 4.859587177830629, 13.071655990373912
-130, -130, -2.2689280275926285, -2.2689280275926285, 1.950886579028228, 16.364720910365552
-130, -120, -2.2689280275926285, -2.0943951023931953, 8.310433485215848, 5.471226948122094
-130, -110, -2.2689280275926285, -1.9198621771937625, -0.50592779222925, -4.357656235678678
-130, -100, -2.2689280275926285, -1.7453292519943295, 1.6517169183495848, -1.4221022937307304
-130, -90, -2.2689280275926285, -1.5707963267948966, 1.4867967586689432, -10.068981485515314
-130, -80, -2.2689280275926285, -1.3962634015954636, 0.40867101016595936, -14.675599200254002
-130, -70, -2.2689280275926285, -1.2217304763960306, 3.1630003514833214, -15.187554240341987
-130, -60, -2.2689280275926285, -1.0471975511965976, 3.3443296928006823, -16.58982265368346
-130, -50, -2.2689280275926285, -0.8726646259971648, 3.5517049423016873, -15.279206835488123
-130, -40, -2.2689280275926285, -0.6981317007977318, -0.4844547383370494, -11.350686825675902
-130, -30, -2.2689280275926285, -0.5235987755982988, 2.9773177167527716, -9.498631885723965
-130, -20, -2.2689280275926285, -0.3490658503988659, -0.40835493793784666, -5.298732634394838
-130, -10, -2.2689280275926285, -0.17453292519943295, -1.2195625227681914, 0.26074146723372005
-130, 0, -2.2689280275926285, 0.0, 1.2914055411040735, -3.862530938123752
-130, 10, -2.2689280275926285, 0.17453292519943295, -0.6099796884368499, 3.676619810211391
-130, 20, -2.2689280275926285, 0.3490658503988659, -1.8342311854428353, 6.628978143376874
-130, 30, -2.2689280275926285, 0.5235987755982988, 1.8444833854154528, 7.059380388717978
-130, 40, -2.2689280275926285, 0.6981317007977318, 1.9637049423016866, 7.628267663999255
-130, 50, -2.2689280275926285, 0.8726646259971648, 1.772726898389507, 12.053757733691713
-130, 60, -2.2689280275926285, 1.0471975511965976, 4.817591169846593, 7.944064170649525
-130, 70, -2.2689280275926285, 1.2217304763960306, 5.478968415355563, 4.151733881060547
-130, 80, -2.2689280275926285, 1.3962634015954636, 7.4885492536789275, 2.558463471711088
-130, 90, -2.2689280275926285, 1.5707963267948966, 4.224022307571139, -4.776723105303042
-130, 100, -2.2689280275926285, 1.7453292519943295, 2.467463425335611, -6.326243015650503
-130, 110, -2.2689280275926285, 1.9198621771937625, 4.556271808569148, -16.096776898053854
-130, 120, -2.2689280275926285, 2.0943951023931953, 3.9230103315232507, -10.08163213774285
-130, 130, -2.2689280275926285, 2.2689280275926285, -0.008556534744239678, -15.569722906373526
-130, 140, -2.2689280275926285, 2.443460952792061, 4.180535281623035, -9.064168964425809
-130, 150, -2.2689280275926285, 2.6179938779914944, 4.666371608968348, -1.924790671180243
-130, 160, -2.2689280275926285, 2.792526803190927, 4.2788486548765325, -1.1730870286337112
-130, 170, -2.2689280275926285, 2.9670597283903604, 3.48614406405816, 10.917015815510066
-130, 180, -2.2689280275926285, 3.141592653589793, 3.778611129926431, 19.60265929424736
-120, -180, -2.0943951023931953, -3.141592653589793, 1.5276760499185098, 13.770368660128009
-120, -170, -2.0943951023931953, -2.9670597283903604, 1.1671151716749981, 15.909804543771365
-120, -160, -2.0943951023931953, -2.792526803190927, 2.2939475070043374, 20.442482238214563
-120, -150, -2.0943951023931953, -2.6179938779914944, 3.5222349321540514, 17.68021382487285
-120, -140, -2.0943951023931953, -2.443460952792061, 2.4112389241700067, 12.676466369615436
-120, -130, -2.0943951023931953, -2.2689280275926285, 2.257230940138072, 16.405908535116048
-120, -120, -2.0943951023931953, -2.0943951023931953, 1.9670612794594322, 11.325302796425493
-120, -110, -2.0943951023931953, -1.9198621771937625, 0.46280978245343024, 2.6137469579341004
-120, -100, -2.0943951023931953, -1.7453292519943295, 6.792747906205932, -0.5741801380421112
-120, -90, -2.0943951023931953, -1.5707963267948966, 1.281220960098149, -6.37736471904826
-120, -80, -2.0943951023931953, -1.3962634015954636, 3.4981211596989445, -15.402086226202103
-120, -70, -2.0943951023931953, -1.2217304763960306, 2.3332069880422632, -16.174390567687283
-120, -60, -2.0943951023931953, -1.0471975511965976, -1.6195295389038438, -16.673395507974877
-120, -50, -2.0943951023931953, -0.8726646259971648, 1.3896161696789913, -12.717492264629836
-120, -40, -2.0943951023931953, -0.6981317007977318, 1.3053726567049364, -14.405303592142968
-120, -30, -2.0943951023931953, -0.5235987755982988, 1.2517538942298811, -8.898434280933545
-120, -20, -2.0943951023931953, -0.3490658503988659, -3.9796732514786943, -3.6547545904826606
-120, -10, -2.0943951023931953, -0.17453292519943295, -1.7822341297221964, -1.7664461575167805
-120, 0, -2.0943951023931953, 0.0, -3.9497331317182183, 4.634562874251497
-120, 10, -2.0943951023931953, 0.17453292519943295, -2.3880405169477523, 6.823352345141529
-120, 20, -2.0943951023931953, 0.3490658503988659, 5.050191019978388, 4.766646806051526
-120, 30, -2.0943951023931953, 0.5235987755982988, 2.020943514988369, 7.234186775943526
-120, 40, -2.0943951023931953, 0.6981317007977318, 7.0344564890402745, 9.821209779767722
-120, 50, -2.0943951023931953, 0.8726646259971648, 3.883005391235885, 5.934649949260575
-120, 60, -2.0943951023931953, 1.0471975511965976, 2.8261710598985474, 5.744778741507806
-120, 70, -2.0943951023931953, 1.2217304763960306, 3.135496409199938, 3.118550248326015
-120, 80, -2.0943951023931953, 1.3962634015954636, 3.531805790437471, 5.325876645363778
-120, 90, -2.0943951023931953, 1.5707963267948966, -2.9087411157501477, -1.8917750015106312
-120, 100, -2.0943951023931953, 1.7453292519943295, 3.9974664690801895, -7.213414672337133
-120, 110, -2.0943951023931953, 1.9198621771937625, -2.978355886209229, -8.278387676496981
-120, 120, -2.0943951023931953, 2.0943951023931953, -4.158036524931794, -14.013692017982379
-120, 130, -2.0943951023931953, 2.2689280275926285, 4.167344712593173, -13.203269812561167
-120, 140, -2.0943951023931953, 2.443460952792061, 3.482598205607137, -13.271228844665336
-120, 150, -2.0943951023931953, 2.6179938779914944, 5.461779842333675, -2.0857347829566923
-120, 160, -2.0943951023931953, 2.792526803190927, 6.740767866285777, 4.087703390527973
-120, 170, -2.0943951023931953, 2.9670597283903604, 3.0894644730722085, 3.949961923294491
-120, 180, -2.0943951023931953, 3.141592653589793, -0.5712341297222182, 17.782286497277997
-110, -180, -1.9198621771937625, -3.141592653589793, 0.8868707104291088, 11.907733786283991
-110, -170, -1.9198621771937625, -2.9670597283903604, -0.4190394692116097, 19.65120773738415
-110, -160, -1.9198621771937625, -2.792526803190927, 1.5851281954590468, 21.306864088872405
-110, -150, -1.9198621771937625, -2.6179938779914944, 1.5190643232035586, 18.988746759004595
-110, -140, -1.9198621771937625, -2.443460952792061, -1.831827892365303, 13.723019263827016
-110, -130, -1.9198621771937625, -2.2689280275926285, 4.437635181486992, 12.341191968249776
-110, -120, -1.9198621771937625, -2.0943951023931953, -1.7707001478543283, 4.711125151714918
-110, -110, -1.9198621771937625, -1.9198621771937625, -1.630638271606822, 2.802146159530903
-110, -100, -1.9198621771937625, -1.7453292519943295, -3.160261026097835, 2.7109975066684724
-110, -90, -1.9198621771937625, -1.5707963267948966, 0.4698048421656291, -7.006246954577197
-110, -80, -1.9198621771937625, -1.3962634015954636, -1.7910773933633117, -10.138188022609292
-110, -70, -1.9198621771937625, -1.2217304763960306, -2.2014905670160023, -17.70130673535196
-110, -60, -1.9198621771937625, -1.0471975511965976, -4.697634279590856, -17.161980338314198
-110, -50, -1.9198621771937625, -0.8726646259971648, -5.253532483183665, -15.74863797321267
-110, -40, -1.9198621771937625, -0.6981317007977318, -4.885239070010012, -14.677107983360532
-110, -30, -1.9198621771937625, -0.5235987755982988, -4.468129289570892, -9.952500149197018
-110, -20, -1.9198621771937625, -0.3490658503988659, -0.9958139203094163, -4.943786526610405
-110, -10, -1.9198621771937625, -0.17453292519943295, -1.3180195091317657, -0.2355838820676786
-110, 0, -1.9198621771937625, 0.0, -4.622213121906222, 1.3876167664670656
-110, 10, -1.9198621771937625, 0.17453292519943295, 0.21928987210575696, -0.6109031438804251
-110, 20, -1.9198621771937625, 0.3490658503988659, -2.5334426628243825, 10.45192624716929
-110, 30, -1.9198621771937625, 0.5235987755982988, 3.9078826864770067, 11.087394360773862
-110, 40, -1.9198621771937625, 0.6981317007977318, 2.472868714421128, 11.488042115097063
-110, 50, -1.9198621771937625, 0.8726646259971648, -5.990440666816404, 3.425921406346403
-110, 60, -1.9198621771937625, 1.0471975511965976, -3.579239070010013, 10.676142014960904
-110, 70, -1.9198621771937625, 1.2217304763960306, -2.479450646856324, 7.394013322178311
-110, 80, -1.9198621771937625, 1.3962634015954636, 0.8175733052394861, 6.97542554755939
-110, 90, -1.9198621771937625, 1.5707963267948966, 3.4123776964570522, -4.864124302907836
-110, 100, -1.9198621771937625, 1.7453292519943295, -2.1469396688124145, -9.688829841997816
-110, 110, -1.9198621771937625, 1.9198621771937625, -5.209845856437163, -7.22594057070855
-110, 120, -1.9198621771937625, 2.0943951023931953, 6.03654935314368, -7.471927546924494
-110, 130, -1.9198621771937625, 2.2689280275926285, -1.2892031418663064, -10.11735963292043
-110, 140, -1.9198621771937625, 2.443460952792061, 0.08553937310375855, -7.113628046262138
-110, 150, -1.9198621771937625, 2.6179938779914944, 6.526946558732503, 1.3490656162449137
-110, 160, -1.9198621771937625, 2.792526803190927, -1.2453947586327665, 1.6327333306477285
-110, 170, -1.9198621771937625, 2.9670597283903604, 1.8459884749001643, 7.850249348444191
-110, 180, -1.9198621771937625, 3.141592653589793, 0.8053936645209228, 13.836528967203808
-100, -180, -1.7453292519943295, -3.141592653589793, -2.051509479359476, 14.485370512830887
-100, -170, -1.7453292519943295, -2.9670597283903604, -2.777836824668855, 16.99623829063683
-100, -160, -1.7453292519943295, -2.792526803190927, -5.067489519279631, 18.929815571547888
-100, -150, -1.7453292519943295, -2.6179938779914944, -1.5996112757666612, 13.615810631260079
-100, -140, -1.7453292519943295, -2.443460952792061, -2.527206086145901, 15.153582138078507
-100, -130, -1.7453292519943295, -2.2689280275926285, -3.602226046225741, 16.759776798589108
-100, -120, -1.7453292519943295, -2.0943951023931953, 0.7408218579658756, 8.055873654708927
-100, -110, -1.7453292519943295, -1.9198621771937625, 3.053995510660488, 5.32274096991014
-100, -100, -1.7453292519943295, -1.7453292519943295, -0.3340863256668594, -3.0254076829522862
-100, -90, -1.7453292519943295, -1.5707963267948966, -4.326238022273645, -6.141839768948452
-100, -80, -1.7453292519943295, -1.3962634015954636, -3.4342979025131686, -14.5496870246053
-100, -70, -1.7453292519943295, -1.2217304763960306, -4.11809630570678, -19.491564220381903
-100, -60, -1.7453292519943295, -1.0471975511965976, -6.264445607103988, -22.045215867256314
-100, -50, -1.7453292519943295, -0.8726646259971648, -8.745022453411373, -15.550103043072951
-100, -40, -1.7453292519943295, -0.6981317007977318, -8.896445607103985, -13.636748701923409
-100, -30, -1.7453292519943295, -0.5235987755982988, -0.8370563855470947, -8.160546057380653
-100, -20, -1.7453292519943295, -0.3490658503988659, -6.07370109612594, -4.122177744175276
-100, -10, -1.7453292519943295, -0.17453292519943295, -5.686335826664859, 0.08230034946924783
-100, 0, -1.7453292519943295, 0.0, -3.9854316350480916, 1.7403293413173664
-100, 10, -1.7453292519943295, 0.17453292519943295, 0.1972110795227668, 5.9374940617083976
-100, 20, -1.7453292519943295, 0.3490658503988659, -0.999269958401389, 8.654680738187253
-100, 30, -1.7453292519943295, 0.5235987755982988, -2.0291102777626664, 8.64547619710121
-100, 40, -1.7453292519943295, 0.6981317007977318, -9.2416432118944, 5.236449300725804
-100, 50, -1.7453292519943295, 0.8726646259971648, -5.42764121588642, 9.914502244669757
-100, 60, -1.7453292519943295, 1.0471975511965976, -10.377389718880432, 0.05711806286509741
-100, 70, -1.7453292519943295, 1.2217304763960306, -7.872529439439313, 6.270693960900861
-100, 80, -1.7453292519943295, 1.3962634015954636, -6.9395054873435, 1.8916670645254572
-100, 90, -1.7453292519943295, 1.5707963267948966, -6.48806037756307, -5.063880789933779
-100, 100, -1.7453292519943295, 1.7453292519943295, -3.172287922473245, -8.971360780121568
-100, 110, -1.7453292519943295, 1.9198621771937625, -10.653531435447293, -16.412822806237493
-100, 120, -1.7453292519943295, 2.0943951023931953, -8.067892712892412, -10.498374652712911
-100, 130, -1.7453292519943295, 2.2689280275926285, -5.1700404174832215, -13.71782270677273
-100, 140, -1.7453292519943295, 2.443460952792061, -4.551465567183826, -10.625729842669335
-100, 150, -1.7453292519943295, 2.6179938779914944, -2.7222320342496857, -3.884766719084431
-100, 160, -1.7453292519943295, 2.792526803190927, -8.558611275766655, 6.5314538895299625
-100, 170, -1.7453292519943295, 2.9670597283903604, -7.096469559199796, 8.462019807526048
-100, 180, -1.7453292519943295, 3.141592653589793, -4.02791466898023, 16.205019358730823
-90, -180, -1.5707963267948966, -3.141592653589793, -1.6219455573716064, 16.186450639760483
-90, -170, -1.5707963267948966, -2.9670597283903604, 0.9252740035066389, 17.95084906907992
-90, -160, -1.5707963267948966, -2.792526803190927, -4.06363617613408, 16.085725751188605
-90, -150, -1.5707963267948966, -2.6179938779914944, 4.64993468214935, 16.315006240042514
-90, -140, -1.5707963267948966, -2.443460952792061, 2.4478708098938644, 17.228334633088494
-90, -130, -1.5707963267948966, -2.2689280275926285, 3.974840869774102, 6.830066219746795
-90, -120, -1.5707963267948966, -2.0943951023931953, 0.11363727695972416, 7.063450501016307
-90, -110, -1.5707963267948966, -1.9198621771937625, -0.12769805238159043, 2.665611229391185
-90, -100, -1.5707963267948966, -1.7453292519943295, -2.401737972541265, -5.86858333165488
-90, -90, -1.5707963267948966, -1.5707963267948966, -4.0440852779304945, -10.892067313858634
-90, -80, -1.5707963267948966, -1.3962634015954636, -4.314518411663025, -16.193186026601307
-90, -70, -1.5707963267948966, -1.2217304763960306, -2.1910393697468535, -17.874466415990685
-90, -60, -1.5707963267948966, -1.0471975511965976, -9.516710028429493, -21.131475348294234
-90, -50, -1.5707963267948966, -0.8726646259971648, -8.962739968549254, -14.189879490178738
-90, -40, -1.5707963267948966, -0.6981317007977318, -7.5594146192478595, -13.05574870192341
-90, -30, -1.5707963267948966, -0.5235987755982988, -8.193871705076202, -12.719695757979457
-90, -20, -1.5707963267948966, -0.3490658503988659, -7.452366715056239, -6.953131835991644
-90, -10, -1.5707963267948966, -0.17453292519943295, -5.6311391701460645, -3.638286476878057
-90, 0, -1.5707963267948966, 0.0, -5.323201046393567, 2.3756986027944116
-90, 10, -1.5707963267948966, 0.17453292519943295, -0.7193866751360817, 12.291775498834145
-90, 20, -1.5707963267948966, 0.3490658503988659, -3.267380687112122, 7.195590917827973
-90, 30, -1.5707963267948966, 0.5235987755982988, -2.317586275934484, 6.349120907680054
-90, 40, -1.5707963267948966, 0.6981317007977318, -7.633775896692965, 5.364515168989275
-90, 50, -1.5707963267948966, 0.8726646259971648, -2.2178796891081305, 1.3776459572446067
-90, 60, -1.5707963267948966, 1.0471975511965976, -14.01241661525584, 6.658830637715399
-90, 70, -1.5707963267948966, 1.2217304763960306, -7.044392663160034, 2.0103306874477727
-90, 80, -1.5707963267948966, 1.3962634015954636, -9.96906531785065, 0.21509021821807253
-90, 90, -1.5707963267948966, 1.5707963267948966, -4.430704040405542, 1.3214804875113326
-90, 100, -1.5707963267948966, 1.7453292519943295, -2.1565204076710116, -4.191436628424961
-90, 110, -1.5707963267948966, 1.9198621771937625, -6.973019409667019, -11.255451548752461
-90, 120, -1.5707963267948966, 2.0943951023931953, -7.4782629226410675, -14.534177047922501
-90, 130, -1.5707963267948966, 2.2689280275926285, -6.696939569347651, -6.286052247690905
-90, 140, -1.5707963267948966, 2.443460952792061, -5.497825796892562, -8.970943415523603
-90, 150, -1.5707963267948966, 2.6179938779914944, -8.556644160166016, -9.71917789672915
-90, 160, -1.5707963267948966, 2.792526803190927, -7.121432583319709, 0.8676993985120081
-90, 170, -1.5707963267948966, 2.9670597283903604, -8.597831784916517, 6.984630585969135
-90, 180, -1.5707963267948966, 3.141592653589793, -0.6491731022817889, 15.78208000871251
-80, -180, -1.3962634015954636, -3.141592653589793, -1.9877229527490077, 16.55200277753404
-80, -170, -1.3962634015954636, -2.9670597283903604, 6.124340919506478, 28.783871638300656
-80, -160, -1.3962634015954636, -2.792526803190927, 3.695656288767955, 26.211719763164652
-80, -150, -1.3962634015954636, -2.6179938779914944, 11.037302995354782, 20.108475301918762
-80, -140, -1.3962634015954636, -2.443460952792061, 8.542209182979532, 16.158292716920826
-80, -130, -1.3962634015954636, -2.2689280275926285, 8.513021558229037, 12.422445461263752
-80, -120, -1.3962634015954636, -2.0943951023931953, 10.086434731881726, 4.149480441136069
-80, -110, -1.3962634015954636, -1.9198621771937625, 8.006807985374742, -3.9610993494511337
-80, -100, -1.3962634015954636, -1.7453292519943295, 3.7828698616222516, -6.612743012293607
-80, -90, -1.3962634015954636, -1.5707963267948966, 3.8665006001451983, -17.81815513820993
-80, -80, -1.3962634015954636, -1.3962634015954636, -1.029054290074359, -18.078561276102306
-80, -70, -1.3962634015954636, -1.2217304763960306, -2.829415567519471, -16.74382370141983
-80, -60, -1.3962634015954636, -1.0471975511965976, -3.551106186281951, -19.648052194601622
-80, -50, -1.3962634015954636, -0.8726646259971648, -3.716641116421667, -19.18747829257395
-80, -40, -1.3962634015954636, -0.6981317007977318, -9.81780079706039, -14.585806586154943
-80, -30, -1.3962634015954636, -0.5235987755982988, -4.662437523607293, -9.405015119256902
-80, -20, -1.3962634015954636, -0.3490658503988659, -3.5911940106332456, -1.1078344308020223
-80, -10, -1.3962634015954636, -0.17453292519943295, -2.7670043898747614, 2.332911127912362
-80, 0, -1.3962634015954636, 0.0, 5.0862750512430015, 0.6498582834331339
-80, 10, -1.3962634015954636, 0.17453292519943295, 4.254688224895694, 7.997869311209395
-80, 20, -1.3962634015954636, 0.3490658503988659, 6.347025550245, 6.749343412837952
-80, 30, -1.3962634015954636, 0.5235987755982988, 1.4967461091272314, 2.198613921652109
-80, 40, -1.3962634015954636, 0.6981317007977318, 4.589314971402688, 2.472373452422409
-80, 50, -1.3962634015954636, 0.8726646259971648, 0.7837081849755423, 2.6085621249092776
-80, 60, -1.3962634015954636, 1.0471975511965976, 4.384053494356778, 5.828692913164497
-80, 70, -1.3962634015954636, 1.2217304763960306, 2.3579017977499914, 2.1748995497232237
-80, 80, -1.3962634015954636, 1.3962634015954636, -2.098293811032445, 3.536337723208092
-80, 90, -1.3962634015954636, 1.5707963267948966, -1.4539325335873396, -2.0235155204727038
-80, 100, -1.3962634015954636, 1.7453292519943295, -4.291034329994518, -6.105736029622562
-80, 110, -1.3962634015954636, 1.9198621771937625, -0.6672439108328421, -15.005623205439084
-80, 120, -1.3962634015954636, 2.0943951023931953, -6.523720956741024, -14.95929481239356
-80, 130, -1.3962634015954636, 2.2689280275926285, -5.373307783088334, -6.599768814557168
-80, 140, -1.3962634015954636, 2.443460952792061, -7.11862115634183, -6.2289334354836985
-80, 150, -1.3962634015954636, 2.6179938779914944, -6.400020357938632, -7.815481289942714
-80, 160, -1.3962634015954636, 2.792526803190927, -6.770205986681152, 2.93244989751399
-80, 170, -1.3962634015954636, 2.9670597283903604, -6.700601196261989, 11.255826194751588
-80, 180, -1.3962634015954636, 3.141592653589793, -3.8661001982579952, 13.02502644301963
-70, -180, -1.2217304763960306, -3.141592653589793, 8.146870909358611, 22.207776275672117
-70, -170, -1.2217304763960306, -2.9670597283903604, 17.165938773630074, 28.20953032093539
-70, -160, -1.2217304763960306, -2.792526803190927, 14.127361927322687, 27.669857487715554
-70, -150, -1.2217304763960306, -2.6179938779914944, 23.233455739697938, 25.104565122278046
-70, -140, -1.2217304763960306, -2.443460952792061, 25.13899066983766, 17.175697906541576
-70, -130, -1.2217304763960306, -2.2689280275926285, 25.20028807502728, 9.354684982221839
-70, -120, -1.2217304763960306, -2.0943951023931953, 20.58620623869993, 4.068686029958429
-70, -110, -1.2217304763960306, -1.9198621771937625, 16.023427795586155, -7.493390766616794
-70, -100, -1.2217304763960306, -1.7453292519943295, 10.854180290596139, -16.01466516798222
-70, -90, -1.2217304763960306, -1.5707963267948966, 10.90540184748237, -18.15739465916802
-70, -80, -1.2217304763960306, -1.3962634015954636, 4.076202246683964, -19.626671056541422
-70, -70, -1.2217304763960306, -1.2217304763960306, 2.7555455600572163, -21.84139256369528
-70, -60, -1.2217304763960306, -1.0471975511965976, 0.682308035107116, -21.089425448094637
-70, -50, -1.2217304763960306, -0.8726646259971648, -3.6379734020186296, -17.430003242673752
-70, -40, -1.2217304763960306, -0.6981317007977318, -4.270342663495675, -15.841072055216822
-70, -30, -1.2217304763960306, -0.5235987755982988, -1.4378955577072574, -7.066258632230952
-70, -20, -1.2217304763960306, -0.3490658503988659, 3.0732701109554244, 17.448812275784803
-70, -10, -1.2217304763960306, -0.17453292519943295, 8.50114236644445, 9.799745459249687
-70, 0, -1.2217304763960306, 0.0, 12.484427795586157, 10.85662874251497
-70, 10, -1.2217304763960306, 0.17453292519943295, 16.184262126923485, 14.53534236510161
-70, 20, -1.2217304763960306, 0.3490658503988659, 15.824709232711905, 9.805688722219188
-70, 30, -1.2217304763960306, 0.5235987755982988, 18.954070510157013, 2.3172765963028064
-70, 40, -1.2217304763960306, 0.6981317007977318, 19.065555540097133, 5.096018163001252
-70, 50, -1.2217304763960306, 0.8726646259971648, 18.537463723729875, 3.025342564031034
-70, 60, -1.2217304763960306, 1.0471975511965976, 16.391028593989358, 6.475880537914994
-70, 70, -1.2217304763960306, 1.2217304763960306, 16.18199665786161, 3.1465103281663325
-70, 80, -1.2217304763960306, 1.3962634015954636, 16.82313637842049, -4.958442715913662
-70, 90, -1.2217304763960306, 1.5707963267948966, 9.601078494188954, -5.988836877758129
-70, 100, -1.2217304763960306, 1.7453292519943295, 3.60466132852029, -12.2788937142533
-70, 110, -1.2217304763960306, 1.9198621771937625, 4.98926811494744, -6.2319585347804
-70, 120, -1.2217304763960306, 2.0943951023931953, 0.783064522133065, -12.253125151714922
-70, 130, -1.2217304763960306, 2.2689280275926285, 2.007661328520293, -13.415936479227831
-70, 140, -1.2217304763960306, 2.443460952792061, -7.860999350122421, -10.25342644945575
-70, 150, -1.2217304763960306, 2.6179938779914944, -0.3048955577072519, -0.9711379765694625
-70, 160, -1.2217304763960306, 2.792526803190927, 0.6761343824125062, 2.80953572585731
-70, 170, -1.2217304763960306, 2.9670597283903604, 7.675242166843644, 18.747584677785515
-70, 180, -1.2217304763960306, 3.141592653589793, 9.76665334448835, 21.05514632019548
-60, -180, -1.0471975511965976, -3.141592653589793, 21.50392784531854, 22.382395807889342
-60, -170, -1.0471975511965976, -2.9670597283903604, 29.702139422164837, 37.20730338915812
-60, -160, -1.0471975511965976, -2.792526803190927, 40.070374951106956, 33.0410131763383
-60, -150, -1.0471975511965976, -2.6179938779914944, 39.656608484041094, 27.40503817617025
-60, -140, -1.0471975511965976, -2.443460952792061, 37.585686328352466, 17.849069164026606
-60, -130, -1.0471975511965976, -2.2689280275926285, 33.53718533034848, 8.34717001216196
-60, -120, -1.0471975511965976, -2.0943951023931953, 32.54567235629657, 4.99140858484865
-60, -110, -1.0471975511965976, -1.9198621771937625, 28.06559251597722, -10.262542463223584
-60, -100, -1.0471975511965976, -1.7453292519943295, 18.620754192623927, -17.65063921987844
-60, -90, -1.0471975511965976, -1.5707963267948966, 15.48125119861195, -23.835610228030294
-60, -80, -1.0471975511965976, -1.3962634015954636, 12.736165370268633, -26.118936525603306
-60, -70, -1.0471975511965976, -1.2217304763960306, 6.1356543922247235, -24.017606136549567
-60, -60, -1.0471975511965976, -1.0471975511965976, 7.219893913182811, -23.929778741507814
-60, -50, -1.0471975511965976, -0.8726646259971648, 5.589307086835497, -19.94046831253403
-60, -40, -1.0471975511965976, -0.6981317007977318, 7.4841494022047605, -10.810389420486281
-60, -30, -1.0471975511965976, -0.5235987755982988, 10.866869961087, -1.6503724046860415
-60, -20, -1.0471975511965976, -0.3490658503988659, 18.770247206595982, 3.2441456091181364
-60, -10, -1.0471975511965976, -0.17453292519943295, 20.13905159781355, 13.843867215736713
-60, 0, -1.0471975511965976, 0.0, 26.374652396216742, 12.902277445109782
-60, 10, -1.0471975511965976, 0.17453292519943295, 30.9531454101888, 11.933426197436939
-60, 20, -1.0471975511965976, 0.3490658503988659, 33.98869830440037, 10.359942215233161
-60, 30, -1.0471975511965976, 0.5235987755982988, 30.22102564970975, 7.042679789915581
-60, 40, -1.0471975511965976, 0.6981317007977318, 35.775616468073025, 5.544125947432391
-60, 50, -1.0471975511965976, 0.8726646259971648, 39.73699570958999, 0.8515940610370231
-60, 60, -1.0471975511965976, 1.0471975511965976, 32.63691387326266, -0.3129158692706322
-60, 70, -1.0471975511965976, 1.2217304763960306, 28.521263174659854, -2.7176693125522298
-60, 80, -1.0471975511965976, 1.3962634015954636, 26.664935829350476, -8.712279043258961
-60, 90, -1.0471975511965976, 1.5707963267948966, 21.38431107885147, -9.973401748017617
-60, 100, -1.0471975511965976, 1.7453292519943295, 8.541225250508154, -14.736680141399011
-60, 110, -1.0471975511965976, 1.9198621771937625, 8.639744212584002, -16.893100251347274
-60, 120, -1.0471975511965976, 2.0943951023931953, 12.809963773462247, -12.424370660696956
-60, 130, -1.0471975511965976, 2.2689280275926285, 7.933119462085001, -14.831289772641
-60, 140, -1.0471975511965976, 2.443460952792061, 12.826129442124927, -8.768628046262137
-60, 150, -1.0471975511965976, 2.6179938779914944, 7.864009681645886, 2.556341065346702
-60, 160, -1.0471975511965976, 2.792526803190927, 11.954716268472227, 5.705429937434151
-60, 170, -1.0471975511965976, 2.9670597283903604, 14.940079541925323, 15.940121603933203
-60, 180, -1.0471975511965976, 3.141592653589793, 23.46456457186544, 27.281335144603496
-50, -180, -0.8726646259971648, -3.141592653589793, 34.230597555729446, 30.7041158703355
-50, -170, -0.8726646259971648, -2.9670597283903604, 45.62313647788513, 33.91043589542724
-50, -160, -0.8726646259971648, -2.792526803190927, 50.09670134814461, 33.54916487294509
-50, -150, -0.8726646259971648, -2.6179938779914944, 52.275174402036825, 28.372161928665268
-50, -140, -0.8726646259971648, -2.443460952792061, 47.09429416251587, 17.29631068099268
-50, -130, -0.8726646259971648, -2.2689280275926285, 45.95550174734622, 4.27530973272084
-50, -120, -0.8726646259971648, -2.0943951023931953, 36.855419911018856, -7.479447702576488
-50, -110, -0.8726646259971648, -1.9198621771937625, 28.078166418004894, -19.706795956237556
-50, -100, -0.8726646259971648, -1.7453292519943295, 23.560425899042816, -23.035970557203786
-50, -90, -0.8726646259971648, -1.5707963267948966, 16.917471807226452, -24.242288870744858
-50, -80, -0.8726646259971648, -1.3962634015954636, 16.602236278284337, -23.150788821012487
-50, -70, -0.8726646259971648, -1.2217304763960306, 11.660801148543813, -25.74094146589089
-50, -60, -0.8726646259971648, -1.0471975511965976, 11.61983308467156, -22.994173951088648
-50, -50, -0.8726646259971648, -0.8726646259971648, 15.452358034771361, -16.9089094302985
-50, -40, -0.8726646259971648, -0.6981317007977318, 16.42625224634821, -8.487664869588077
-50, -30, -0.8726646259971648, -0.5235987755982988, 26.884711328184537, 1.512735379745094
-50, -20, -0.8726646259971648, -0.3490658503988659, 29.569411926986934, 12.556894112112147
-50, -10, -0.8726646259971648, -0.17453292519943295, 36.607735280280345, 17.395797355457272
-50, 0, -0.8726646259971648, 0.0, 39.40993887309471, 16.611457085828345
-50, 10, -0.8726646259971648, 0.17453292519943295, 41.496603543753395, 13.685727594642529
-50, 20, -0.8726646259971648, 0.3490658503988659, 44.07533607868354, 11.68996017930502
-50, 30, -0.8726646259971648, 0.5235987755982988, 45.78284306471148, 7.294049051392628
-50, 40, -0.8726646259971648, 0.6981317007977318, 48.27681512059971, 6.346201795735784
-50, 50, -0.8726646259971648, 0.8726646259971648, 45.48387500083923, -1.8068131245917214
-50, 60, -0.8726646259971648, 1.0471975511965976, 42.95872929225639, -1.8359717574941883
-50, 70, -0.8726646259971648, 1.2217304763960306, 36.842270210420054, -7.949683284608118
-50, 80, -0.8726646259971648, 1.3962634015954636, 30.160896956927047, -11.439314971402682
-50, 90, -0.8726646259971648, 1.5707963267948966, 21.835521707426054, -19.331629292927804
-50, 100, -0.8726646259971648, 1.7453292519943295, 18.213413922994917, -24.15150249668843
-50, 110, -0.8726646259971648, 1.9198621771937625, 11.992519711418065, -18.455102247355256
-50, 120, -0.8726646259971648, 2.0943951023931953, 10.427397954931042, -13.821921558900549
-50, 130, -0.8726646259971648, 2.2689280275926285, 15.358226298244416, -13.15656721775078
-50, 140, -0.8726646259971648, 2.443460952792061, 21.698375998843215, -6.397717866621423
-50, 150, -0.8726646259971648, 2.6179938779914944, 18.575910928982935, 3.0567622230313267
-50, 160, -0.8726646259971648, 2.792526803190927, 22.508884980879145, 9.782014767773475
-50, 170, -0.8726646259971648, 2.9670597283903604, 28.245916917006898, 24.42100383946216
-50, 180, -0.8726646259971648, 3.141592653589793, 39.725278194452, 27.564580653585516
-40, -180, -0.6981317007977318, -3.141592653589793, 51.27638702661951, 40.31690734584955
-40, -170, -0.6981317007977318, -2.9670597283903604, 56.99765049967339, 45.22373974516445
-40, -160, -0.6981317007977318, -2.792526803190927, 59.39304770526221, 37.08608104060975
-40, -150, -0.6981317007977318, -2.6179938779914944, 61.16481217632011, 25.13584057137984
-40, -140, -0.6981317007977318, -2.443460952792061, 53.73989401264745, 10.065855591172323
-40, -130, -0.6981317007977318, -2.2689280275926285, 42.48492195675923, -7.348107432947812
-40, -120, -0.6981317007977318, -2.0943951023931953, 35.66588602861551, -16.637637323334992
-40, -110, -0.6981317007977318, -1.9198621771937625, 21.899971856958828, -25.11720513787429
-40, -100, -0.6981317007977318, -1.7453292519943295, 18.42706167731811, -27.897309878561078
-40, -90, -0.6981317007977318, -1.5707963267948966, 15.45271636793687, -30.65076392064506
-40, -80, -0.6981317007977318, -1.3962634015954636, 13.803327146379981, -28.341194010633245
-40, -70, -0.6981317007977318, -1.2217304763960306, 16.884838124423897, -26.178157034753163
-40, -60, -0.6981317007977318, -1.0471975511965976, 17.16664051963348, -23.190589120749333
-40, -50, -0.6981317007977318, -0.8726646259971648, 21.759814172328092, -11.778817613931237
-40, -40, -0.6981317007977318, -0.6981317007977318, 30.737945908855036, -3.3834093805661234
-40, -30, -0.6981317007977318, -0.5235987755982988, 42.96274830406462, 2.074539770962661
-40, -20, -0.6981317007977318, -0.3490658503988659, 46.23487604857559, 17.110782335665043
-40, -10, -0.6981317007977318, -0.17453292519943295, 45.366508783106525, 18.961671606954276
-40, 0, -0.6981317007977318, 0.0, 49.325848104463816, 17.509365269461078
-40, 10, -0.6981317007977318, 0.17453292519943295, 51.546476846978784, 16.912555937955904
-40, 20, -0.6981317007977318, 0.3490658503988659, 50.77926726614046, 15.61756496972418
-40, 30, -0.6981317007977318, 0.5235987755982988, 56.75537105855563, 9.888025099296819
-40, 40, -0.6981317007977318, 0.6981317007977318, 49.17511157751771, 3.7442656679912716
-40, 50, -0.6981317007977318, 0.8726646259971648, 46.82031517033208, 1.728586077005088
-40, 60, -0.6981317007977318, 1.0471975511965976, 43.61967844378517, -10.326420859290595
-40, 70, -0.6981317007977318, 1.2217304763960306, 35.50307365336601, -17.28100064987758
-40, 80, -0.6981317007977318, 1.3962634015954636, 23.357207385900946, -27.175766069207075
-40, 90, -0.6981317007977318, 1.5707963267948966, 18.901943912847056, -23.315162227059524
-40, 100, -0.6981317007977318, 1.7453292519943295, 16.918738324024698, -21.54607135896388
-40, 110, -0.6981317007977318, 1.9198621771937625, 21.316987825022697, -18.85544556072851
-40, 120, -0.6981317007977318, 2.0943951023931953, 20.24772035995284, -11.768757886245858
-40, 130, -0.6981317007977318, 2.2689280275926285, 27.025297206260227, -7.358160032122039
-40, 140, -0.6981317007977318, 2.443460952792061, 31.748732336000735, 1.598224249147035
-40, 150, -0.6981317007977318, 2.6179938779914944, 34.841983833006736, 7.983620506464471
-40, 160, -0.6981317007977318, 2.792526803190927, 33.10109760546183, 16.22622634461978
-40, 170, -0.6981317007977318, 2.9670597283903604, 44.87556467133008, 30.592512821498087
-40, 180, -0.6981317007977318, 3.141592653589793, 51.67576028011253, 37.86589046473839
-30, -180, -0.5235987755982988, -3.141592653589793, 55.21006072904649, 39.50615654693317
-30, -170, -0.5235987755982988, -2.9670597283903604, 60.30931821407644, 50.217462456663924
-30, -160, -0.5235987755982988, -2.792526803190927, 60.57689506038381, 41.151216769152676
-30, -150, -0.5235987755982988, -2.6179938779914944, 59.97191502046366, 26.865010232058477
-30, -140, -0.5235987755982988, -2.443460952792061, 37.91615853343771, -4.0717132711031345
-30, -130, -0.5235987755982988, -2.2689280275926285, 22.426689471561463, -22.442434778257205
-30, -120, -0.5235987755982988, -2.0943951023931953, 14.06952380289879, -29.813667263454747
-30, -110, -0.5235987755982988, -1.9198621771937625, 12.921645559385816, -32.00880194426151
-30, -100, -0.5235987755982988, -1.7453292519943295, 12.197052745014558, -32.56744959911995
-30, -90, -0.5235987755982988, -1.5707963267948966, 9.184541766970646, -28.319889669148058
-30, -80, -0.5235987755982988, -1.3962634015954636, 11.983330190124338, -24.113782832988527
-30, -70, -0.5235987755982988, -1.2217304763960306, 15.517591667170246, -26.277392563695283
-30, -60, -0.5235987755982988, -1.0471975511965976, 22.60983118812833, -16.057257783423978
-30, -50, -0.5235987755982988, -0.8726646259971648, 30.742591667170245, -7.127025198761572
-30, -40, -0.5235987755982988, -0.6981317007977318, 35.39795294461536, 8.029335130411921
-30, -30, -0.5235987755982988, -0.5235987755982988, 43.40790903243971, 11.201759331840906
-30, -20, -0.5235987755982988, -0.3490658503988659, 65.99791901247961, 58.146213473389594
-30, -10, -0.5235987755982988, -0.17453292519943295, 50.859757335832924, 23.814633682802583
-30, 0, -0.5235987755982988, 0.0, 54.052621607290014, 19.85655489021956
-30, 10, -0.5235987755982988, 0.17453292519943295, 56.48543797455548, 17.995699650530753
-30, 20, -0.5235987755982988, 0.3490658503988659, 52.69570543962533, 16.52965878209943
-30, 30, -0.5235987755982988, 0.5235987755982988, 52.85277529990477, 3.460999151193027
-30, 40, -0.5235987755982988, 0.6981317007977318, 45.56330623802853, 2.636331536254744
-30, 50, -0.5235987755982988, 0.8726646259971648, 45.24875733583293, -6.0747991525358325
-30, 60, -0.5235987755982988, 1.0471975511965976, 30.715779291920747, -13.989319062883405
-30, 70, -0.5235987755982988, 1.2217304763960306, 23.901665519465656, -22.36394875366998
-30, 80, -0.5235987755982988, 1.3962634015954636, 8.265410030443698, -24.166300999346795
-30, 90, -0.5235987755982988, 1.5707963267948966, 14.884445958587413, -24.881447656201242
-30, 100, -0.5235987755982988, 1.7453292519943295, 16.767234381741105, -19.288554392896014
-30, 110, -0.5235987755982988, 1.9198621771937625, 21.94961362325807, -13.870800850149669
-30, 120, -0.5235987755982988, 2.0943951023931953, 29.712342166172238, -8.54342654892051
-30, 130, -0.5235987755982988, 2.2689280275926285, 36.180765319864854, -3.832086179826628
-30, 140, -0.5235987755982988, 2.443460952792061, 38.59584316417623, 4.405294109426488
-30, 150, -0.5235987755982988, 2.6179938779914944, 38.88939406237983, 13.555247252971466
-30, 160, -0.5235987755982988, 2.792526803190927, 48.51074935180099, 26.755679438432157
-30, 170, -0.5235987755982988, 2.9670597283903604, 54.38367350349759, 35.86480623467175
-30, 180, -0.5235987755982988, 3.141592653589793, 53.73815454142175, 48.2905468115383
-20, -180, -0.3490658503988659, -3.141592653589793, 60.352309281772825, 53.487939711892636
-20, -170, -0.3490658503988659, -2.9670597283903604, 56.43929530971694, 48.04160524288736
-20, -160, -0.3490658503988659, -2.792526803190927, 48.35545499035566, 33.105294613464054
-20, -150, -0.3490658503988659, -2.6179938779914944, 25.949343213908556, 6.104038176170257
-20, -140, -0.3490658503988659, -2.443460952792061, 3.476269361613147, -20.32809850064405
-20, -130, -0.3490658503988659, -2.2689280275926285, -5.076842414833959, -29.98077609562247
-20, -120, -0.3490658503988659, -2.0943951023931953, -4.738435229205217, -29.463076445091477
-20, -110, -0.3490658503988659, -1.9198621771937625, -0.5303074846942394, -31.03735683448107
-20, -100, -0.3490658503988659, -1.7453292519943295, -2.2610200595445393, -27.709768960397394
-20, -90, -0.3490658503988659, -1.5707963267948966, 8.01897395243151, -22.42650443960714
-20, -80, -0.3490658503988659, -1.3962634015954636, 13.680967964407557, -22.727319759136236
-20, -70, -0.3490658503988659, -1.2217304763960306, 18.859902096144086, -14.422909529763146
-20, -60, -0.3490658503988659, -1.0471975511965976, 26.120387126084204, -7.15023383132817
-20, -50, -0.3490658503988659, -0.8726646259971648, 33.29834920193251, 1.8827771964480082
-20, -40, -0.3490658503988659, -0.6981317007977318, 38.50721946141354, 9.972025749174398
-20, -30, -0.3490658503988659, -0.5235987755982988, 49.945828243848666, 22.018198453597392
-20, -20, -0.3490658503988659, -0.3490658503988659, 49.067548802730904, 20.679538822690994
-20, -10, -0.3490658503988659, -0.17453292519943295, 50.90629730572493, 18.264330289589008
-20, 0, -0.3490658503988659, 0.0, 50.926253393549274, 20.721562874251497
-20, 10, -0.3490658503988659, 0.17453292519943295, 45.79259071889857, 15.290190668494825
-20, 20, -0.3490658503988659, 0.3490658503988659, 41.286524850635104, 9.622890319025577
-20, 30, -0.3490658503988659, 0.5235987755982988, 32.78960469095447, -0.13540603842772797
-20, 40, -0.3490658503988659, 0.6981317007977318, 16.942814271792788, -11.573969860950841
-20, 50, -0.3490658503988659, 0.8726646259971648, 9.539464970395581, -19.962016717406087
-20, 60, -0.3490658503988659, 1.0471975511965976, 3.1630438127109515, -25.22363642815287
-20, 70, -0.3490658503988659, 1.2217304763960306, -3.0585849298040197, -28.5595236039694
-20, 80, -0.3490658503988659, 1.3962634015954636, 1.1096366270822076, -26.11240678776995
-20, 90, -0.3490658503988659, 1.5707963267948966, 7.075113672990392, -19.276954642229192
-20, 100, -0.3490658503988659, 1.7453292519943295, 14.217636627082205, -15.436053394892024
-20, 110, -0.3490658503988659, 1.9198621771937625, 19.415738423489394, -9.27143558068859
-20, 120, -0.3490658503988659, 2.0943951023931953, 24.980973952431512, -3.212690021974399
-20, 130, -0.3490658503988659, 2.2689280275926285, 31.32372644744149, 2.995800047718283
-20, 140, -0.3490658503988659, 2.443460952792061, 38.60628532967702, 8.236202293059215
-20, 150, -0.3490658503988659, 2.6179938779914944, 41.47342704624389, 21.26289395955828
-20, 160, -0.3490658503988659, 2.792526803190927, 50.51958872289059, 33.71226626477946
-20, 170, -0.3490658503988659, 2.9670597283903604, 56.21532325382872, 42.20166651411285
-20, 180, -0.3490658503988659, 3.141592653589793, 58.42879431171294, 45.01384237732921
-10, -180, -0.17453292519943295, -3.141592653589793, 47.57205284447923, 49.535486474775155
-10, -170, -0.17453292519943295, -2.9670597283903604, 28.114579790587012, 32.043816363210006
-10, -160, -0.17453292519943295, -2.792526803190927, -1.5610529439439274, 7.976190821048878
-10, -150, -0.17453292519943295, -2.6179938779914944, -30.34800903176828, -15.587311125226943
-10, -140, -0.17453292519943295, -2.443460952792061, -31.973334381069677, -22.978280137370586
-10, -130, -0.17453292519943295, -2.2689280275926285, -24.721927195440934, -30.382929788237238
-10, -120, -0.17453292519943295, -2.0943951023931953, -20.968559929971867, -27.58429201395375
-10, -110, -0.17453292519943295, -1.9198621771937625, -16.94519865252676, -24.64982390034934
-10, -100, -0.17453292519943295, -1.7453292519943295, -8.25019266450281, -21.032788920477234
-10, -90, -0.17453292519943295, -1.5707963267948966, -4.387993063704404, -19.30859226395843
-10, -80, -0.17453292519943295, -1.3962634015954636, 6.114034880407373, -16.09709620624203
-10, -70, -0.17453292519943295, -1.2217304763960306, 12.414434082004176, -11.277905537747175
-10, -60, -0.17453292519943295, -1.0471975511965976, 26.056348253660868, 1.3045446117856077
-10, -50, -0.17453292519943295, -0.8726646259971648, 32.936795359449285, 13.352076597645613
-10, -40, -0.17453292519943295, -0.6981317007977318, 41.83309276463891, 21.35543293480314
-10, -30, -0.17453292519943295, -0.5235987755982988, 35.29386322372075, 24.780266317868843
-10, -20, -0.17453292519943295, -0.3490658503988659, 38.08764366284251, 21.426832235864644
-10, -10, -0.17453292519943295, -0.17453292519943295, 30.932911127912355, 21.61778338340138
-10, 0, -0.17453292519943295, 0.0, 27.424741467233716, 17.182451097804393
-10, 10, -0.17453292519943295, 0.17453292519943295, 18.860649650866453, 8.36395713556069
-10, 20, -0.17453292519943295, 0.3490658503988659, 1.8274161179323212, -4.556421058219933
-10, 30, -0.17453292519943295, 0.5235987755982988, -9.574274500830152, -14.824012824854877
-10, 40, -0.17453292519943295, 0.6981317007977318, -15.825476097636543, -16.220670459753244
-10, 50, -0.17453292519943295, 0.8726646259971648, -23.130258532766284, -30.349747256328246
-10, 60, -0.17453292519943295, 1.0471975511965976, -25.58458388206768, -26.71833902296325
-10, 70, -0.17453292519943295, 1.2217304763960306, -20.092637774283247, -24.26194476165402
-10, 80, -0.17453292519943295, 1.3962634015954636, -4.337557933963885, -18.370506588169153
-10, 90, -0.17453292519943295, 1.5707963267948966, 1.3023861778125607, -11.826495560392866
-10, 100, -0.17453292519943295, 1.7453292519943295, 10.797779391385413, -7.327109283115576
-10, 110, -0.17453292519943295, 1.9198621771937625, 16.61085124767284, -2.1010263990518623
-10, 120, -0.17453292519943295, 2.0943951023931953, 20.42948997022773, 4.167379838305048
-10, 130, -0.17453292519943295, 2.2689280275926285, 31.11480134747324, 8.642305037738238
-10, 140, -0.17453292519943295, 2.443460952792061, 38.525116716734715, 21.713182332979382
-10, 150, -0.17453292519943295, 2.6179938779914944, 34.71081531952913, 25.762724298879643
-10, 160, -0.17453292519943295, 2.792526803190927, 47.77224046922972, 37.009675446416175
-10, 170, -0.17453292519943295, 2.9670597283903604, 45.53007480056705, 47.96788407898311
-10, 180, -0.17453292519943295, 3.141592653589793, 44.83838617781256, 48.86667009420553
0, -180, 0.0, -3.141592653589793, 0.5255908183632735, 27.9515163248064
0, -170, 0.0, -2.9670597283903604, -39.15808582834331, -0.7261363457312788
0, -160, 0.0, -2.792526803190927, -47.62998003992016, -20.067715366575868
0, -150, 0.0, -2.6179938779914944, -48.71579441117765, -22.71472829089561
0, -140, 0.0, -2.443460952792061, -46.44327744510978, -21.96060349066401
0, -130, 0.0, -2.2689280275926285, -40.63690618762476, -19.419057532748223
0, -120, 0.0, -2.0943951023931953, -32.2733253493014, -16.833377842297068
0, -110, 0.0, -1.9198621771937625, -24.626664670658677, -16.394011525099828
0, -100, 0.0, -1.7453292519943295, -18.068129740518962, -16.50841367097624
0, -90, 0.0, -1.5707963267948966, -7.856129740518962, -11.026833780924502
0, -80, 0.0, -1.3962634015954636, -3.1319301397205583, -6.146627144365776
0, -70, 0.0, -1.2217304763960306, 11.830918163672653, -1.1664264958310075
0, -60, 0.0, -1.0471975511965976, 22.75397604790419, 9.561095509989197
0, -50, 0.0, -0.8726646259971648, 27.29165868263473, 19.166591567705492
0, -40, 0.0, -0.6981317007977318, 21.242744510978042, 14.15495389288697
0, -30, 0.0, -0.5235987755982988, 16.415033932135728, 18.546759331840903
0, -20, 0.0, -0.3490658503988659, 10.430566866267464, 10.712562774786798
0, -10, 0.0, -0.17453292519943295, 4.855548902195608, 11.180729491185815
0, 0, 0.0, 0.0, -12.95590618762475, 2.664568862275449
0, 10, 0.0, 0.17453292519943295, -26.305968063872253, -6.155783383401383
0, 20, 0.0, 0.3490658503988659, -33.59563672654691, -11.449850199936499
0, 30, 0.0, 0.5235987755982988, -36.2913253493014, -23.505909032439714
0, 40, 0.0, 0.6981317007977318, -69.64780638722554, -40.945486827018705
0, 50, 0.0, 0.8726646259971648, -61.61629341317366, -32.86324825433224
0, 60, 0.0, 1.0471975511965976, -54.045281437125745, -24.13244281537842
0, 70, 0.0, 1.2217304763960306, -22.415910179640722, -16.50115234648437
0, 80, 0.0, 1.3962634015954636, -15.594950099800398, -9.219921757829832
0, 90, 0.0, 1.5707963267948966, -3.055560878243513, -2.7157889735665153
0, 100, 0.0, 1.7453292519943295, 0.3712375249500994, 0.6001641699782397
0, 110, 0.0, 1.9198621771937625, 10.783299401197604, 3.9340534412675034
0, 120, 0.0, 2.0943951023931953, 13.356155688622753, 11.483425746488669
0, 130, 0.0, 2.2689280275926285, 23.232540918163675, 13.254790067678359
0, 140, 0.0, 2.443460952792061, 29.30710379241517, 23.714890915813704
0, 150, 0.0, 2.6179938779914944, 36.34182634730539, 24.77307360027685
0, 160, 0.0, 2.792526803190927, 25.789361277445114, 37.66681915899103
0, 170, 0.0, 2.9670597283903604, 25.359147704590818, 37.22598387938231
0, 180, 0.0, 3.141592653589793, 1.116838323353294, 20.52099539333086
10, -180, 0.17453292519943295, -3.141592653589793, -52.64864565885049, -2.3849641368567527
10, -170, 0.17453292519943295, -2.9670597283903604, -58.73534426164489, -8.29341839598995
10, -160, 0.17453292519943295, -2.792526803190927, -64.55009076863092, -21.121986823661704
10, -150, 0.17453292519943295, -2.6179938779914944, -60.17222649717384, -12.373879987502397
10, -140, 0.17453292519943295, -2.443460952792061, -54.51284525964889, -15.769355985673986
10, -130, 0.17453292519943295, -2.2689280275926285, -44.50830234547723, -15.84787190400571
10, -120, 0.17453292519943295, -2.0943951023931953, -36.37446003010797, -16.03365728341482
10, -110, 0.17453292519943295, -1.9198621771937625, -30.846673602962262, -6.159017513123792
10, -100, 0.17453292519943295, -1.7453292519943295, -22.19732030954909, -4.715675148022152
10, -90, 0.17453292519943295, -1.5707963267948966, -13.399853243680825, -2.143536375734887
10, -80, 0.17453292519943295, -1.3962634015954636, -5.9930688125431, 5.090336927490509
10, -70, 0.17453292519943295, -1.2217304763960306, -1.078667614938309, 10.543697256663998
10, -60, 0.17453292519943295, -1.0471975511965976, 5.685021007816182, 19.54081008084748
10, -50, 0.17453292519943295, -0.8726646259971648, -2.0243662177327213, 13.39839795493104
10, -40, 0.17453292519943295, -0.6981317007977318, 54.22159186609962, 66.68398582901472
10, -30, 0.17453292519943295, -0.5235987755982988, 61.892899251329155, 79.58522440170118
10, -20, 0.17453292519943295, -0.3490658503988659, -23.067603742682824, 4.549474950435503
10, -10, 0.17453292519943295, -0.17453292519943295, -30.214517914339506, 2.858495958251684
10, 0, 0.17453292519943295, 0.0, -44.56503687641536, -14.121830339321358
10, 10, 0.17453292519943295, 0.17453292519943295, -47.961711527113955, -12.467725499169847
10, 20, 0.17453292519943295, 0.3490658503988659, -55.19375943130558, -14.735217465405562
10, 30, 0.17453292519943295, 0.5235987755982988, -78.25832230555707, -39.206509830842904
10, 40, 0.17453292519943295, 0.6981317007977318, -67.41487320376066, -31.735664471729283
10, 50, 0.17453292519943295, 0.8726646259971648, -64.31797500016783, -17.19759955173743
10, 60, 0.17453292519943295, 1.0471975511965976, -50.173270409349485, -15.945494711586003
10, 70, 0.17453292519943295, 1.2217304763960306, -38.44737619777264, -5.536733184807722
10, 80, 0.17453292519943295, 1.3962634015954636, -28.030390169828532, -1.9197321370713458
10, 90, 0.17453292519943295, 1.5707963267948966, -11.95974745525767, 5.5659495493875735
10, 100, 0.17453292519943295, 1.7453292519943295, -7.474058832503181, 9.82946157516786
10, 110, 0.17453292519943295, 1.9198621771937625, -0.1461726049582704, 10.531412722704626
10, 120, 0.17453292519943295, 2.0943951023931953, 8.453482085660493, 16.09277704389387
10, 130, 0.17453292519943295, 2.2689280275926285, 12.982112824183448, 17.9565605267602
10, 140, 0.17453292519943295, 2.443460952792061, 13.08068767448285, 23.935162372899537
10, 150, 0.17453292519943295, 2.6179938779914944, 11.144274500830154, 26.489566614248908
10, 160, 0.17453292519943295, 2.792526803190927, 0.3482625247822502, 28.641455885537937
10, 170, 0.17453292519943295, 2.9670597283903604, -32.101306337493206, 17.368530785569934
10, 180, 0.17453292519943295, 3.141592653589793, -48.416955040088006, -3.9486661185342555
20, -180, 0.3490658503988659, -3.141592653589793, -61.86319550931774, -11.385275330884731
20, -170, 0.3490658503988659, -2.9670597283903604, -61.23418153726185, -12.348859513754414
20, -160, 0.3490658503988659, -2.792526803190927, -62.54817155722192, -11.990182432444133
20, -150, 0.3490658503988659, -2.6179938779914944, -51.360948004327724, -12.185766215047312
20, -140, 0.3490658503988659, -2.443460952792061, -48.737273353629114, -0.9348929118216882
20, -130, 0.3490658503988659, -2.2689280275926285, -50.16520948137362, 3.4332758005851125
20, -120, 0.3490658503988659, -2.0943951023931953, -38.85703782468699, -0.9182221536743103
20, -110, 0.3490658503988659, -1.9198621771937625, -30.988630639058258, 9.300719013822324
20, -100, 0.3490658503988659, -1.7453292519943295, -22.5659001001361, 13.705494512656495
20, -90, 0.3490658503988659, -1.5707963267948966, -17.28830728576484, 3.0417909695745013
20, -80, 0.3490658503988659, -1.3962634015954636, -14.617449002331707, 9.691436727889712
20, -70, 0.3490658503988659, -1.2217304763960306, -10.810940020295781, 14.90653358400931
20, -60, 0.3490658503988659, -1.0471975511965976, -14.415522854627115, 16.828001697613953
20, -50, 0.3490658503988659, -0.8726646259971648, -27.82147894245147, 9.923527695450005
20, -40, 0.3490658503988659, -0.6981317007977318, 46.57787634696969, 71.72602175715843
20, -30, 0.3490658503988659, -0.5235987755982988, 46.24554900166031, 74.883747355793
20, -20, 0.3490658503988659, -0.3490658503988659, -47.06553682668301, -8.354860378905817
20, -10, 0.3490658503988659, -0.17453292519943295, -63.687810279776826, -30.101218612606605
20, 0, 0.3490658503988659, 0.0, -82.18875838356922, -44.037361277445115
20, 10, 0.3490658503988659, 0.17453292519943295, -77.25876237558519, -35.72593707601615
20, 20, 0.3490658503988659, 0.3490658503988659, -72.9290757488387, -41.27325738556524
20, 30, 0.3490658503988659, 0.5235987755982988, -71.42111766500636, -28.447925000503577
20, 40, 0.3490658503988659, 0.6981317007977318, -63.69677634764109, -25.288730339992757
20, 50, 0.3490658503988659, 0.8726646259971648, -53.276478942451476, -13.831106537765372
20, 60, 0.3490658503988659, 1.0471975511965976, -47.80850489055527, -2.9384288433225274
20, 70, 0.3490658503988659, 1.2217304763960306, -36.664241417501366, 7.654161026769135
20, 80, 0.3490658503988659, 1.3962634015954636, -32.97859870293051, 11.498742912828849
20, 90, 0.3490658503988659, 1.5707963267948966, -12.744089720894586, 11.136512423639074
20, 100, 0.3490658503988659, 1.7453292519943295, -7.858524850635103, 9.38062125580658
20, 110, 0.3490658503988659, 1.9198621771937625, -2.5220837328706316, 15.875400746656723
20, 120, 0.3490658503988659, 2.0943951023931953, -4.273612674986399, 16.724114369243164
20, 130, 0.3490658503988659, 2.2689280275926285, -2.339977944447477, 21.90187988803764
20, 140, 0.3490658503988659, 2.443460952792061, -4.567253393549273, 21.51629810144245
20, 150, 0.3490658503988659, 2.6179938779914944, -21.794912076184, 11.694720306863669
20, 160, 0.3490658503988659, 2.792526803190927, -49.11444700632372, 6.231980835637745
20, 170, 0.3490658503988659, 2.9670597283903604, -57.424101696942486, -3.6498091489202475
20, 180, 0.3490658503988659, 3.141592653589793, -56.38224740552532, -8.585323235076334
30, -180, 0.5235987755982988, -3.141592653589793, -53.93976332385687, -11.745600053749058
30, -170, 0.5235987755982988, -2.9670597283903604, -47.84827030988482, -5.051278675431044
30, -160, 0.5235987755982988, -2.792526803190927, -48.19426631786885, -1.1808624580337737
30, -150, 0.5235987755982988, -2.6179938779914944, -45.06542799451555, -0.13214346055628534
30, -140, 0.5235987755982988, -2.443460952792061, -40.141970908687206, 0.19647834566334152
30, -130, 0.5235987755982988, -2.2689280275926285, -32.64055773503451, 1.6041380760342052
30, -120, 0.5235987755982988, -2.0943951023931953, -33.94386512026406, 9.514466469080189
30, -110, 0.5235987755982988, -1.9198621771937625, -23.632328194116354, 14.729603245359248
30, -100, 0.5235987755982988, -1.7453292519943295, -23.75865354341775, 20.860787925830145
30, -90, 0.5235987755982988, -1.5707963267948966, -19.45615454142174, 28.854784981550544
30, -80, 0.5235987755982988, -1.3962634015954636, -14.43946392265927, 33.52999161810927
30, -70, 0.5235987755982988, -1.2217304763960306, -25.816234381741108, 5.348495659857617
30, -60, 0.5235987755982988, -1.0471975511965976, -27.48741402245967, 3.0282492026039662
30, -50, 0.5235987755982988, -0.8726646259971648, -34.37618847355747, 0.6924937633142749
30, -40, 0.5235987755982988, -0.6981317007977318, 26.310476197101206, 71.30176227612051
30, -30, 0.5235987755982988, -0.5235987755982988, -46.518733383737114, -8.897314520454506
30, -20, 0.5235987755982988, -0.3490658503988659, -64.62710464122215, -36.882339420821985
30, -10, 0.5235987755982988, -0.17453292519943295, -72.76294296457543, -37.576360329173454
30, 0, 0.5235987755982988, 0.0, -71.9764459585874, -43.00122155688622
30, 10, 0.5235987755982988, 0.17453292519943295, -68.76216052944571, -36.638362225716754
30, 20, 0.5235987755982988, 0.3490658503988659, -63.836052745014555, -33.04085818396844
30, 30, 0.5235987755982988, 0.5235987755982988, -56.969400050403785, -24.626507834834914
30, 40, 0.5235987755982988, 0.6981317007977318, -48.68838009032393, -14.107943912847052
30, 50, 0.5235987755982988, 0.8726646259971648, -40.65249186677105, -2.9016015477454156
30, 60, 0.5235987755982988, 1.0471975511965976, -35.01045793463532, 8.616647004980859
30, 70, 0.5235987755982988, 1.2217304763960306, -24.526859132240105, 7.207408531759152
30, 80, 0.5235987755982988, 1.3962634015954636, -21.084982884735116, 17.602012373906692
30, 90, 0.5235987755982988, 1.5707963267948966, -11.71477729591276, 15.267574299886578
30, 100, 0.5235987755982988, 1.7453292519943295, -10.631422006491603, 13.768351794728733
30, 110, 0.5235987755982988, 1.9198621771937625, -12.05680723603252, 18.210760028093844
30, 120, 0.5235987755982988, 2.0943951023931953, -14.0390228048948, 15.369834928125396
30, 130, 0.5235987755982988, 2.2689280275926285, -23.262198453597392, 9.979686275263195
30, 140, 0.5235987755982988, 2.443460952792061, -35.91699286477504, 11.118467762121092
30, 150, 0.5235987755982988, 2.6179938779914944, -45.59976531986486, -2.2345431661902238
30, 160, 0.5235987755982988, 2.792526803190927, -50.855022804894794, -3.6805840346217424
30, 170, 0.5235987755982988, 2.9670597283903604, -56.45485713623212, -7.3448145238113005
30, 180, 0.5235987755982988, 3.141592653589793, -56.881392066371845, -10.329388333597638
40, -180, 0.6981317007977318, -3.141592653589793, -41.01864451164945, -2.1550109846959646
40, -170, 0.6981317007977318, -2.9670597283903604, -36.139213373924896, -1.1020497476457802
40, -160, 0.6981317007977318, -2.792526803190927, -29.191764272128484, -0.05906067595709414
40, -150, 0.6981317007977318, -2.6179938779914944, -29.396802196280184, 2.7941260005215534
40, -140, 0.6981317007977318, -2.443460952792061, -25.510093613445854, -0.5405316343765889
40, -130, 0.6981317007977318, -2.2689280275926285, -19.974381038595556, 4.9614913694473906
40, -120, 0.6981317007977318, -2.0943951023931953, -18.039965868934875, 3.074628145726899
40, -110, 0.6981317007977318, -1.9198621771937625, -14.292107585501745, -0.10509136541919484
40, -100, 0.6981317007977318, -1.7453292519943295, -14.578177445781183, 4.669959582516772
40, -90, 0.6981317007977318, -1.5707963267948966, -15.047373054563616, 11.115757037438772
40, -80, 0.6981317007977318, -1.3962634015954636, -20.388582635401946, 6.668043514316858
40, -70, 0.6981317007977318, -1.2217304763960306, -23.006680439793154, 5.718735180815699
40, -60, 0.6981317007977318, -1.0471975511965976, -35.08652874318637, -1.7296410169569092
40, -50, 0.6981317007977318, -0.8726646259971648, -32.78033513041193, -2.449208831496103
40, -40, 0.6981317007977318, -0.6981317007977318, -38.248019761150445, -6.1669163665940685
40, -30, 0.6981317007977318, -0.5235987755982988, -40.86187804458357, -7.494745658179056
40, -20, 0.6981317007977318, -0.3490658503988659, -50.597171457757234, -34.17572065834693
40, -10, 0.6981317007977318, -0.17453292519943295, -54.712654491689364, -42.0809810876565
40, 0, 0.6981317007977318, 0.0, -51.11200978111052, -34.898375249500994
40, 10, 0.6981317007977318, 0.17453292519943295, -48.44974032003269, -30.34149595825168
40, 20, 0.6981317007977318, 0.3490658503988659, -44.28764650765742, -26.32001387259119
40, 30, 0.6981317007977318, 0.5235987755982988, -35.76900978111052, -15.411527794914758
40, 40, 0.6981317007977318, 0.6981317007977318, -27.365223353964815, -9.435021757158431
40, 50, 0.6981317007977318, 0.8726646259971648, -19.02414950166941, 3.3119453584422125
40, 60, 0.6981317007977318, 1.0471975511965976, -14.979985829014714, 10.871088122745336
40, 70, 0.6981317007977318, 1.2217304763960306, -13.058203393884977, 15.658288771280105
40, 80, 0.6981317007977318, 1.3962634015954636, -11.837812176320105, 17.242613172309888
40, 90, 0.6981317007977318, 1.5707963267948966, -12.323754292088566, 17.154051345794766
40, 100, 0.6981317007977318, 1.7453292519943295, -17.302253294084576, 19.074413670976238
40, 110, 0.6981317007977318, 1.9198621771937625, -20.374488823026688, 15.676424698752525
40, 120, 0.6981317007977318, 2.0943951023931953, -28.542722355960827, 9.585218161658347
40, 130, 0.6981317007977318, 2.2689280275926285, -33.161227345980784, -1.0542558405052718
40, 140, 0.6981317007977318, 2.443460952792061, -39.57808163739795, -7.283244812729205
40, 150, 0.6981317007977318, 2.6179938779914944, -41.51726127811652, -10.473333585351892
40, 160, 0.6981317007977318, 2.792526803190927, -44.46838702661951, -8.506979244202586
40, 170, 0.6981317007977318, 2.9670597283903604, -44.8523750505716, -8.833914324210491
40, 180, 0.6981317007977318, 3.141592653589793, -38.10578223620034, -3.8961282660351
50, -180, 0.8726646259971648, -3.141592653589793, -21.561597555729445, 1.776573389119685
50, -170, 0.8726646259971648, -2.9670597283903604, -14.379048653533836, 2.258038076705517
50, -160, 0.8726646259971648, -2.792526803190927, -11.705419911018867, 3.184600002685609
50, -150, 0.8726646259971648, -2.6179938779914944, -2.8061604299809435, 7.422171908705184
50, -140, 0.8726646259971648, -2.443460952792061, -1.798202346148607, 5.285725850653355
50, -130, 0.8726646259971648, -2.2689280275926285, 0.4939772945699565, 3.60230374469689
50, -120, 0.8726646259971648, -2.0943951023931953, -1.1395276954500029, 6.206919562892558
50, -110, 0.8726646259971648, -1.9198621771937625, 0.4645182127336272, 3.2045094329840054
50, -100, 0.8726646259971648, -1.7453292519943295, -3.472218314212478, 1.984492516648508
50, -90, 0.8726646259971648, -1.5707963267948966, -1.5581564379649735, 6.765800949614416
50, -80, 0.8726646259971648, -1.3962634015954636, -9.691783184471962, 2.0208978057340254
50, -70, 0.8726646259971648, -1.2217304763960306, -15.824112525789326, -4.337590168485698
50, -60, 0.8726646259971648, -1.0471975511965976, -15.615148453933038, -1.607972354282264
50, -50, 0.8726646259971648, -0.8726646259971648, -25.35711851381328, -3.4180990510569824
50, -40, 0.8726646259971648, -0.6981317007977318, -25.332366018803295, -3.8841958077118313
50, -30, 0.8726646259971648, -0.5235987755982988, -25.559326098643616, -7.294440268957495
50, -20, 0.8726646259971648, -0.3490658503988659, -40.81194286511068, -37.94747914138087
50, -10, 0.8726646259971648, -0.17453292519943295, -39.215873004831245, -35.505228592646525
50, 0, 0.8726646259971648, 0.0, -36.02586102878334, -34.98626546906188
50, 10, 0.8726646259971648, 0.17453292519943295, -28.686563623593713, -28.426753443281626
50, 20, 0.8726646259971648, 0.3490658503988659, -22.697982785270366, -19.385460978379612
50, 30, 0.8726646259971648, 0.5235987755982988, -15.446982785270366, -11.092621607290004
50, 40, 0.8726646259971648, 0.6981317007977318, -6.964601547745413, -1.7344029946833777
50, 50, 0.8726646259971648, 0.8726646259971648, -2.89126222638813, 7.538015218721654
50, 60, 0.8726646259971648, 1.0471975511965976, 0.5411928634322345, 15.434561176637548
50, 70, 0.8726646259971648, 1.2217304763960306, 1.4166140211168623, 15.198216914992681
50, 80, 0.8726646259971648, 1.3962634015954636, 1.098616017124847, 15.32775488887676
50, 90, 0.8726646259971648, 1.5707963267948966, -4.359112525789326, 17.84620503840953
50, 100, 0.8726646259971648, 1.7453292519943295, 0.5365940610370217, 13.303331834648898
50, 110, 0.8726646259971648, 1.9198621771937625, -6.521699352136632, 9.78375004805393
50, 120, 0.8726646259971648, 2.0943951023931953, -17.828066617605696, -0.06753034133567512
50, 130, 0.8726646259971648, 2.2689280275926285, -16.110162425988932, -7.130221908369539
50, 140, 0.8726646259971648, 2.443460952792061, -25.827805140559786, -13.31255618997471
50, 150, 0.8726646259971648, 2.6179938779914944, -28.936200350140627, -12.661050152218165
50, 160, 0.8726646259971648, 2.792526803190927, -25.557200350140622, -8.214578046597794
50, 170, 0.8726646259971648, 2.9670597283903604, -27.346010729382144, -3.4310720088412396
50, 180, 0.8726646259971648, 3.141592653589793, -21.00749575932226, -3.035309133019482
60, -180, 1.0471975511965976, -3.141592653589793, 7.718221855280265, 2.6180660765690833
60, -170, 1.0471975511965976, -2.9670597283903604, 9.661766765459909, 6.660159833192527
60, -160, 1.0471975511965976, -2.792526803190927, 7.639116066857113, 9.24684151965167
60, -150, 1.0471975511965976, -2.6179938779914944, 18.458760777435952, 11.462078096329938
60, -140, 1.0471975511965976, -2.443460952792061, 22.533754789412, 8.906051199954756
60, -130, 1.0471975511965976, -2.2689280275926285, 18.367303691607614, 4.664525301583111
60, -120, 1.0471975511965976, -2.0943951023931953, 17.24591447005073, 5.575731938142057
60, -110, 1.0471975511965976, -1.9198621771937625, 16.648195907176472, 4.269517417015934
60, -100, 1.0471975511965976, -1.7453292519943295, 13.846327643703416, 3.745302895890024
60, -90, 1.0471975511965976, -1.5707963267948966, 9.209706885220386, -1.659123202082187
60, -80, 1.0471975511965976, -1.3962634015954636, 4.4456589810287666, -5.400291815024464
60, -70, 1.0471975511965976, -1.2217304763960306, 1.0850262464978324, -8.304548252318032
60, -60, 1.0471975511965976, -1.0471975511965976, 1.52840149599883, -5.824497304382065
60, -50, 1.0471975511965976, -0.8726646259971648, -5.049760180647876, -9.40860603708493
60, -40, 1.0471975511965976, -0.6981317007977318, -4.5510635738614456, -5.976922354618022
60, -30, 1.0471975511965976, -0.5235987755982988, -2.583562575857462, -4.522673801891627
60, -20, 1.0471975511965976, -0.3490658503988659, -20.54260648803311, -32.2173494008619
60, -10, 1.0471975511965976, -0.17453292519943295, -23.791590519969237, -36.37288527927327
60, 0, 1.0471975511965976, 0.0, -15.761804092823525, -22.206996007984035
60, 10, 1.0471975511965976, 0.17453292519943295, -3.8349917175740247, -17.025635678810563
60, 20, 1.0471975511965976, 0.3490658503988659, 0.9035991007892462, -10.396920060215942
60, 30, 1.0471975511965976, 0.5235987755982988, 11.839104090809201, -2.4702503498049757
60, 40, 1.0471975511965976, 0.6981317007977318, 14.118573152685451, 2.868060079168916
60, 50, 1.0471975511965976, 0.8726646259971648, 19.14671087723636, 13.556446356446205
60, 60, 1.0471975511965976, 1.0471975511965976, 21.457860577835156, 14.462243811368092
60, 70, 1.0471975511965976, 1.2217304763960306, 16.597587124741345, 14.61760014852562
60, 80, 1.0471975511965976, 1.3962634015954636, 12.999313671647531, 14.255716964725057
60, 90, 1.0471975511965976, 1.5707963267948966, 16.894469360270282, 11.98694156535564
60, 100, 1.0471975511965976, 1.7453292519943295, 11.162525248493838, 10.275774948421352
60, 110, 1.0471975511965976, 1.9198621771937625, 4.438982334322181, 1.0541472536427436
60, 120, 1.0471975511965976, 2.0943951023931953, -5.055472755498176, -3.5723407205771953
60, 130, 1.0471975511965976, 2.2689280275926285, -8.471025649709752, -9.730257836513251
60, 140, 1.0471975511965976, 2.443460952792061, -6.647229242524123, -11.256737826701261
60, 150, 1.0471975511965976, 2.6179938779914944, -10.264001697613946, -4.090690870781033
60, 160, 1.0471975511965976, 2.792526803190927, -5.467676348312546, -7.971085032625726
60, 170, 1.0471975511965976, 2.9670597283903604, 0.25038552793495633, -3.6447726076436195
60, 180, 1.0471975511965976, 3.141592653589793, 4.260585128733357, 3.286330632583663
70, -180, 1.2217304763960306, -3.141592653589793, 25.251342663495674, 10.281317247052385
70, -170, 1.2217304763960306, -2.9670597283903604, 32.25243647587092, 13.454429294270378
70, -160, 1.2217304763960306, -2.792526803190927, 35.33033667547172, 10.10613094080937
70, -150, 1.2217304763960306, -2.6179938779914944, 36.30562809263739, 9.04962300650958
70, -140, 1.2217304763960306, -2.443460952792061, 39.62866801279707, 6.580685930493684
70, -130, 1.2217304763960306, -2.2689280275926285, 31.819021306210242, 8.681321708768735
70, -120, 1.2217304763960306, -2.0943951023931953, 37.123514320182316, 4.850733934150049
70, -110, 1.2217304763960306, -1.9198621771937625, 37.92783567746773, 2.533679093662643
70, -100, 1.2217304763960306, -1.7453292519943295, 29.431324699423826, -2.1422799384413116
70, -90, 1.2217304763960306, -1.5707963267948966, 27.501620108605458, -7.524151146193963
70, -80, 1.2217304763960306, -1.3962634015954636, 24.022592164493677, -9.847299799056396
70, -70, 1.2217304763960306, -1.2217304763960306, 21.743011326170326, -13.262624100621423
70, -60, 1.2217304763960306, -1.0471975511965976, 18.246159030761145, -8.294461376238353
70, -50, 1.2217304763960306, -0.8726646259971648, 17.587472404014637, -6.774893462234629
70, -40, 1.2217304763960306, -0.6981317007977318, 21.34110713455356, -6.151850498330592
70, -30, 1.2217304763960306, -0.5235987755982988, 18.250023302218235, -6.590781586322768
70, -20, 1.2217304763960306, -0.3490658503988659, -0.22978907303127175, -32.648339420821976
70, -10, 1.2217304763960306, -0.17453292519943295, 4.166208930960749, -26.680875299233346
70, 0, 1.2217304763960306, 0.0, 15.888991366090487, -21.79673253493014
70, 10, 1.2217304763960306, 0.17453292519943295, 15.965001346130409, -9.78523647721376
70, 20, 1.2217304763960306, 0.3490658503988659, 22.342404539743182, -5.772618663010352
70, 30, 1.2217304763960306, 0.5235987755982988, 23.6004145197831, 8.194572005484444
70, 40, 1.2217304763960306, 0.6981317007977318, 33.72745843195875, 8.74866686559606
70, 50, 1.2217304763960306, 0.8726646259971648, 36.03560014852561, 14.749071106945207
70, 60, 1.2217304763960306, 1.0471975511965976, 33.97629475930406, 13.605365567855113
70, 70, 1.2217304763960306, 1.2217304763960306, 39.21138258365536, 17.670216914992686
70, 80, 1.2217304763960306, 1.3962634015954636, 33.424176994833005, 12.219437523607288
70, 90, 1.2217304763960306, 1.5707963267948966, 28.749133082657348, 5.364494459567221
70, 100, 1.2217304763960306, 1.7453292519943295, 25.582252843136388, 5.9419466051079795
70, 110, 1.2217304763960306, 1.9198621771937625, 23.559113122577514, -4.406930590668628
70, 120, 1.2217304763960306, 2.0943951023931953, 21.14449835211843, -7.068945510996353
70, 130, 1.2217304763960306, 2.2689280275926285, 16.54028278325616, -11.438100151882528
70, 140, 1.2217304763960306, 2.443460952792061, 13.465174998825018, -10.077576150054565
70, 150, 1.2217304763960306, 2.6179938779914944, 18.490125098625416, -8.369427397727145
70, 160, 1.2217304763960306, 2.792526803190927, 22.754584180461748, 0.11725229272356853
70, 170, 1.2217304763960306, 2.9670597283903604, 23.411021306210245, 0.25679226261585497
70, 180, 1.2217304763960306, 3.141592653589793, 30.005117114593478, 7.185741470401514
80, -180, 1.3962634015954636, -3.141592653589793, 44.476679040573366, 9.032788618155141
80, -170, 1.3962634015954636, -2.9670597283903604, 49.38167105654143, 11.670113925008899
80, -160, 1.3962634015954636, -2.792526803190927, 52.37050139586278, 11.30652215837422
80, -150, 1.3962634015954636, -2.6179938779914944, 52.337138122409684, 10.729030192138325
80, -140, 1.3962634015954636, -2.443460952792061, 49.53636965933583, 8.947105092170322
80, -130, 1.3962634015954636, -2.2689280275926285, 49.95380678508434, 6.6237947626609595
80, -120, 1.3962634015954636, -2.0943951023931953, 48.417100198258, -0.20830199399366772
80, -110, 1.3962634015954636, -1.9198621771937625, 43.85971896073305, -2.524322902345344
80, -100, 1.3962634015954636, -1.7453292519943295, 49.752653092469565, -0.34877494842135426
80, -90, 1.3962634015954636, -1.5707963267948966, 48.15830778308833, -8.539865717052242
80, -80, 1.3962634015954636, -1.3962634015954636, 45.32141357151149, -13.31104830205041
80, -70, 1.3962634015954636, -1.2217304763960306, 43.00912614636179, -13.79145044792682
80, -60, 1.3962634015954636, -1.0471975511965976, 45.24644151562327, -8.155924450090644
80, -50, 1.3962634015954636, -0.8726646259971648, 41.273798801052415, -10.663510228701696
80, -40, 1.3962634015954636, -0.6981317007977318, 43.85515409047357, -6.935938322681889
80, -30, 1.3962634015954636, -0.5235987755982988, 40.90213013837774, -2.1484003487978174
80, -20, 1.3962634015954636, -0.3490658503988659, 21.572401595463575, -23.95797015934494
80, -10, 1.3962634015954636, -0.17453292519943295, 26.469353691271966, -18.917390269293225
80, 0, 1.3962634015954636, 0.0, 28.4846750485574, -13.662095808383235
80, 10, 1.3962634015954636, 0.17453292519943295, 38.054663072509484, -6.084366217732721
80, 20, 1.3962634015954636, 0.3490658503988659, 46.15344151562327, 3.6115070854926428
80, 30, 1.3962634015954636, 0.5235987755982988, 51.421774848956595, 12.056548053388635
80, 40, 1.3962634015954636, 0.6981317007977318, 48.920730936780956, 13.060764669987277
80, 50, 1.3962634015954636, 0.8726646259971648, 49.21050937989472, 14.588452344470154
80, 60, 1.3962634015954636, 1.0471975511965976, 46.476988421810894, 20.51780269360362
80, 70, 1.3962634015954636, 1.2217304763960306, 51.950830737180155, 12.801536276270125
80, 80, 1.3962634015954636, 1.3962634015954636, 48.70736566731987, 6.806192014625259
80, 90, 1.3962634015954636, 1.5707963267948966, 46.195369659335846, 2.286739968549251
80, 100, 1.3962634015954636, 1.7453292519943295, 42.69503432999452, -2.1603807402014046
80, 110, 1.3962634015954636, 1.9198621771937625, 36.879056286082346, -7.676533385079811
80, 120, 1.3962634015954636, 2.0943951023931953, 34.1871241503538, -13.744626149718904
80, 130, 1.3962634015954636, 2.2689280275926285, 34.83988063737974, -10.301896559068142
80, 140, 1.3962634015954636, 2.443460952792061, 38.211956485683146, -11.598462377599459
80, 150, 1.3962634015954636, 2.6179938779914944, 37.172601196261986, -3.6646469586053856
80, 160, 1.3962634015954636, 2.792526803190927, 36.464768860932644, 2.4845736500089983
80, 170, 1.3962634015954636, 2.9670597283903604, 41.209237922808896, 6.143287272595888
80, 180, 1.3962634015954636, 3.141592653589793, 46.61797644576297, 14.590456641088593
90, -180, 1.5707963267948966, -3.141592653589793, 54.53508727393848, 12.874419799897595
90, -170, 1.5707963267948966, -2.9670597283903604, 59.43398148551532, 15.459131889080748
90, -160, 1.5707963267948966, -2.792526803190927, 58.015418611263826, 13.856256689312351
90, -150, 1.5707963267948966, -2.6179938779914944, 58.4913846791281, 8.296391469583437
90, -140, 1.5707963267948966, -2.443460952792061, 50.31663817214208, 8.576737826701255
90, -130, 1.5707963267948966, -2.2689280275926285, 57.797700048389565, 3.422195960265748
90, -120, 1.5707963267948966, -2.0943951023931953, 54.62328687473687, 0.06769600999834723
90, -110, 1.5707963267948966, -1.9198621771937625, 55.816320806872604, 0.5237868780937821
90, -100, 1.5707963267948966, -1.7453292519943295, 53.36479386076482, -4.008587323670854
90, -90, 1.5707963267948966, -1.5707963267948966, 56.48613717413807, -7.42584775298039
90, -80, 1.5707963267948966, -1.3962634015954636, 55.52808527793049, -10.735184030593322
90, -70, 1.5707963267948966, -1.2217304763960306, 59.72076990866902, -13.161899549723225
90, -60, 1.5707963267948966, -1.0471975511965976, 57.048568311862624, -10.265173951088645
90, -50, 1.5707963267948966, -0.8726646259971648, 58.242574299886584, -7.357753741675741
90, -40, 1.5707963267948966, -0.6981317007977318, 54.31375394060513, 0.13795988091092234
90, -30, 1.5707963267948966, -0.5235987755982988, 58.69160224399836, -3.4728414665622878
90, -20, 1.5707963267948966, -0.3490658503988659, 55.73825493860914, -6.1123354288060145
90, -10, 1.5707963267948966, -0.17453292519943295, 51.82901541765105, -3.066645758315183
90, 0, 1.5707963267948966, 0.0, 57.34690364120395, -1.4610479041916173
90, 10, 1.5707963267948966, 0.17453292519943295, 53.46695154539556, 0.6289152193930273
90, 20, 1.5707963267948966, 0.3490658503988659, 53.87380384080475, 7.798670758147332
90, 30, 1.5707963267948966, 0.5235987755982988, 56.737833780924504, 9.916430288917578
90, 40, 1.5707963267948966, 0.6981317007977318, 56.52756032783069, 14.911235727871512
90, 50, 1.5707963267948966, 0.8726646259971648, 57.59688168511612, 12.809462324510077
90, 60, 1.5707963267948966, 1.0471975511965976, 54.91434475896841, 12.122417464062703
90, 70, 1.5707963267948966, 1.2217304763960306, 57.05071002842949, 13.385015318186293
90, 80, 1.5707963267948966, 1.3962634015954636, 53.7891591302259, 0.5041720545454191
90, 90, 1.5707963267948966, 1.5707963267948966, 46.90303138571492, -4.657796957598456
90, 100, 1.5707963267948966, 1.7453292519943295, 51.85544855138358, -0.8865384248321463
90, 110, 1.5707963267948966, 1.9198621771937625, 46.28252639569496, -10.4121461595309
90, 120, 1.5707963267948966, 2.0943951023931953, 46.38953238371892, -18.3121031956271
90, 130, 1.5707963267948966, 2.2689280275926285, 45.11544455936761, -13.619018315555165
90, 140, 1.5707963267948966, 2.443460952792061, 45.043095257970414, -13.298655990373913
90, 150, 1.5707963267948966, 2.6179938779914944, 47.88546252343947, -0.8294513498229488
90, 160, 1.5707963267948966, 2.792526803190927, 50.01195354140355, 2.917996803701612
90, 170, 1.5707963267948966, 2.9670597283903604, 53.149474499487376, 7.3186565340729395
90, 180, 1.5707963267948966, 3.141592653589793, 56.47020104639357, 14.025500709873505
100, -180, 1.7453292519943295, -3.141592653589793, 59.52185478874071, 16.209033787310346
100, -170, 1.7453292519943295, -2.9670597283903604, 57.334242014289615, 14.720050665886319
100, -160, 1.7453292519943295, -2.792526803190927, 60.13856536758303, 12.055745711268452
100, -150, 1.7453292519943295, -2.6179938779914944, 53.44304041748322, 10.833531190142313
100, -140, 1.7453292519943295, -2.443460952792061, 55.75150748335149, 7.513632038278105
100, -130, 1.7453292519943295, -2.2689280275926285, 61.097194110098, 4.4035173175511835
100, -120, 1.7453292519943295, -2.0943951023931953, 60.72547754323173, 6.13352435331172
100, -110, 1.7453292519943295, -1.9198621771937625, 60.45290269293233, 0.905633185479007
100, -100, 1.7453292519943295, -1.7453292519943295, 61.97846556718383, -1.340236026265664
100, -90, 1.7453292519943295, -1.5707963267948966, 57.777747004309575, -7.569562323838677
100, -80, 1.7453292519943295, -1.3962634015954636, 64.50979291249321, -7.8854754477589895
100, -70, 1.7453292519943295, -1.2217304763960306, 61.527399698920355, -12.970668012797072
100, -60, 1.7453292519943295, -1.0471975511965976, 61.464381734848494, -12.92629371156769
100, -50, 1.7453292519943295, -0.8726646259971648, 59.83810229373073, -11.385687873412273
100, -40, 1.7453292519943295, -0.6981317007977318, 61.355635227862464, -7.910435328669917
100, -30, 1.7453292519943295, -0.5235987755982988, 55.48673502826167, -9.115069011472468
100, -20, 1.7453292519943295, -0.3490658503988659, 57.66069510810199, -7.266974151360905
100, -10, 1.7453292519943295, -0.17453292519943295, 52.32197654522774, -5.978140768295224
100, 0, 1.7453292519943295, 0.0, 54.060611275766654, -4.533976047904192
100, 10, 1.7453292519943295, 0.17453292519943295, 58.7063078825531, 3.4148194110097942
100, 20, 1.7453292519943295, 0.3490658503988659, 62.27025997836148, 7.528796506650329
100, 30, 1.7453292519943295, 0.5235987755982988, 62.780399698920355, 7.4961728038876405
100, 40, 1.7453292519943295, 0.6981317007977318, 57.435764968381434, 10.103227743839577
100, 50, 1.7453292519943295, 0.8726646259971648, 57.53931586658503, 17.8773345799991
100, 60, 1.7453292519943295, 1.0471975511965976, 58.83003842147524, 12.57619989919244
100, 70, 1.7453292519943295, 1.2217304763960306, 54.94853742347125, 8.309350647527612
100, 80, 1.7453292519943295, 1.3962634015954636, 58.582749000317555, 1.8843976034476178
100, 90, 1.7453292519943295, 1.5707963267948966, 51.48105039752314, 0.5262529426011494
100, 100, 1.7453292519943295, 1.7453292519943295, 51.57466516798223, -7.815983534612582
100, 110, 1.7453292519943295, 1.9198621771937625, 49.46031586658503, -13.693020411027907
100, 120, 1.7453292519943295, 2.0943951023931953, 50.471942613092, -17.366065271475396
100, 130, 1.7453292519943295, 2.2689280275926285, 51.410585327662865, -9.56734166884858
100, 140, 1.7453292519943295, 2.443460952792061, 49.751950597123944, -8.425566170014623
100, 150, 1.7453292519943295, 2.6179938779914944, 52.82825199432953, -0.7965411701822288
100, 160, 1.7453292519943295, 2.792526803190927, 51.4775933116948, 8.716910975358315
100, 170, 1.7453292519943295, 2.9670597283903604, 52.63411227377064, 12.6219738993424
100, 180, 1.7453292519943295, 3.141592653589793, 60.73394061708403, 13.257836822261147
110, -180, 1.9198621771937625, -3.141592653589793, 48.543961624900234, 19.247112088145357
110, -170, 1.9198621771937625, -2.9670597283903604, 50.89695763288427, 8.918968216426059
110, -160, 1.9198621771937625, -2.792526803190927, 48.860312922305425, 15.410691819052882
110, -150, 1.9198621771937625, -2.6179938779914944, 52.850775996157715, 6.958694862797011
110, -140, 1.9198621771937625, -2.443460952792061, 53.00574805204594, 8.678268764825013
110, -130, 1.9198621771937625, -2.2689280275926285, 53.51642270274454, 7.751150052082121
110, -120, 1.9198621771937625, -2.0943951023931953, 53.502450646856325, 0.09055030141552346
110, -110, 1.9198621771937625, -1.9198621771937625, 51.22346262290422, 0.39124396392212074
110, -100, 1.9198621771937625, -1.7453292519943295, 50.879201145858325, -4.207351794728736
110, -90, 1.9198621771937625, -1.5707963267948966, 52.32819914985034, -6.316484479527292
110, -80, 1.9198621771937625, -1.3962634015954636, 49.87221711392219, -11.527695008637235
110, -70, 1.9198621771937625, -1.2217304763960306, 49.341400746656724, -8.61069994892482
110, -60, 1.9198621771937625, -1.0471975511965976, 50.0686402676148, -12.371110078833164
110, -50, 1.9198621771937625, -0.8726646259971648, 46.834518511127776, -11.089955338482131
110, -40, 1.9198621771937625, -0.6981317007977318, 50.48838877060881, -7.968906386554146
110, -30, 1.9198621771937625, -0.5235987755982988, 46.05818118577848, -9.527989171153108
110, -20, 1.9198621771937625, -0.3490658503988659, 46.33892569675651, -7.449952195273081
110, -10, 1.9198621771937625, -0.17453292519943295, 50.48190573667669, -9.652565917995823
110, 0, 1.9198621771937625, 0.0, 52.18802150513976, 2.799465069860279
110, 10, 1.9198621771937625, 0.17453292519943295, 57.91700753308386, 3.2449631235846446
110, 20, 1.9198621771937625, 0.3490658503988659, 59.42699356102798, 6.0562456084467335
110, 30, 1.9198621771937625, 0.5235987755982988, 56.568352842465096, 9.554799550394621
110, 40, 1.9198621771937625, 0.6981317007977318, 55.62909336142718, 12.31356506918888
110, 50, 1.9198621771937625, 0.8726646259971648, 49.109125297554925, 7.928588073013068
110, 60, 1.9198621771937625, 1.0471975511965976, 50.14881392030941, 11.639483332326172
110, 70, 1.9198621771937625, 1.2217304763960306, 48.59390573667668, 10.228173002817035
110, 80, 1.9198621771937625, 1.3962634015954636, 46.62854645523955, 0.43832375115220373
110, 90, 1.9198621771937625, 1.5707963267948966, 48.645785976197644, -2.9545195124886674
110, 100, 1.9198621771937625, 1.7453292519943295, 44.05906541731541, -11.055354792097612
110, 110, 1.9198621771937625, 1.9198621771937625, 42.342945656836356, -14.978353744361243
110, 120, 1.9198621771937625, 2.0943951023931953, 41.93654445923158, -16.118302796425503
110, 130, 1.9198621771937625, 2.2689280275926285, 44.62491372070862, -11.982277796593094
110, 140, 1.9198621771937625, 2.443460952792061, 48.621518511127775, -6.278051199954754
110, 150, 1.9198621771937625, 2.6179938779914944, 42.86563427959086, -3.5343295933359338
110, 160, 1.9198621771937625, 2.792526803190927, 48.43059236342319, 6.353509777753519
110, 170, 1.9198621771937625, 2.9670597283903604, 50.33147459895213, 16.102181484172736
110, 180, 1.9198621771937625, 3.141592653589793, 54.400622303542946, 12.407597757826686
120, -180, 2.0943951023931953, -3.141592653589793, 23.36789480836492, 18.50087885512561
120, -170, 2.0943951023931953, -2.9670597283903604, 25.714290017945764, 14.678274831913429
120, -160, 2.0943951023931953, -2.792526803190927, 30.912846904173307, 17.27783414875265
120, -150, 2.0943951023931953, -2.6179938779914944, 33.41082295207752, 11.612425401719157
120, -140, 2.0943951023931953, -2.443460952792061, 40.52453951894376, 9.382528245862938
120, -130, 2.0943951023931953, -2.2689280275926285, 41.18533991814536, 4.617692966253778
120, -120, 2.0943951023931953, -2.0943951023931953, 36.17631796205754, 0.07157624951930787
120, -110, 2.0943951023931953, -1.9198621771937625, 37.92264929938288, -3.0847899682136064
120, -100, 2.0943951023931953, -1.7453292519943295, 38.20181696405355, -6.913275946425341
120, -90, 2.0943951023931953, -1.5707963267948966, 33.097427742496656, -7.546332782920509
120, -80, 2.0943951023931953, -1.3962634015954636, 30.77368722353459, -12.044974449754996
120, -70, 2.0943951023931953, -1.2217304763960306, 28.834260077825995, -10.421368611599465
120, -60, 2.0943951023931953, -1.0471975511965976, 28.515501594792067, -13.204175947096637
120, -50, 2.0943951023931953, -0.8726646259971648, 26.166497602776097, -12.757885478202692
120, -40, 2.0943951023931953, -0.6981317007977318, 25.727090417147362, -4.206111975376502
120, -30, 2.0943951023931953, -0.5235987755982988, 27.24330798201761, -9.234067015464483
120, -20, 2.0943951023931953, -0.3490658503988659, 29.137196205570504, -8.00111985994374
120, -10, 2.0943951023931953, -0.17453292519943295, 35.48457345107949, -0.7860669159998129
120, 0, 2.0943951023931953, 0.0, 39.23025608581004, -2.556317365269461
120, 10, 2.0943951023931953, 0.17453292519943295, 45.27381097602959, -2.591677594978229
120, 20, 2.0943951023931953, 0.3490658503988659, 41.528870856269116, 7.120048003656315
120, 30, 2.0943951023931953, 0.5235987755982988, 45.47228003790585, 10.166474201093228
120, 40, 2.0943951023931953, 0.6981317007977318, 43.37989480836492, 13.727954290745764
120, 50, 2.0943951023931953, 0.8726646259971648, 36.22386087622919, 13.18427070774361
120, 60, 2.0943951023931953, 1.0471975511965976, 34.564908780420815, 9.088381535918993
120, 70, 2.0943951023931953, 1.2217304763960306, 31.723898800380894, 6.035382583655357
120, 80, 2.0943951023931953, 1.3962634015954636, 28.627080437107445, 0.4077189607330477
120, 90, 2.0943951023931953, 1.5707963267948966, 29.38103852093978, 1.394384679128095
120, 100, 2.0943951023931953, 1.7453292519943295, 20.598723151678286, -9.395432636408989
120, 110, 2.0943951023931953, 1.9198621771937625, 28.67654949898368, -16.4836850816866
120, 120, 2.0943951023931953, 2.0943951023931953, 25.09464131535095, -11.925761878261826
120, 130, 2.0943951023931953, 2.2689280275926285, 22.951457682616425, -18.759299752680924
120, 140, 2.0943951023931953, 2.443460952792061, 24.346539518943768, -9.088071160034602
120, 150, 2.0943951023931953, 2.6179938779914944, 24.467122353275094, -1.0392597330564959
120, 160, 2.0943951023931953, 2.792526803190927, 19.988172253474698, 6.803855087134752
120, 170, 2.0943951023931953, 2.9670597283903604, 24.41774909978209, 9.507448949242596
120, 180, 2.0943951023931953, 3.141592653589793, 22.040178241498655, 14.126427170796621
130, -180, 2.2689280275926285, -3.141592653589793, -11.176148056074146, 16.710725475729372
130, -170, 2.2689280275926285, -2.9670597283903604, -8.179419513159957, 22.485733913749765
130, -160, 2.2689280275926285, -2.792526803190927, -6.257185980225823, 15.519135545958244
130, -150, 2.2689280275926285, -2.6179938779914944, -1.8827748025811117, 13.566982287946711
130, -140, 2.2689280275926285, -2.443460952792061, 5.169814019774161, 11.081861579196278
130, -130, 2.2689280275926285, -2.2689280275926285, 6.158730187438844, 4.730257836513262
130, -120, 2.2689280275926285, -2.0943951023931953, 4.379971704404914, 4.51142854492849
130, -110, 2.2689280275926285, -1.9198621771937625, 11.241167313187354, -3.9054067346806707
130, -100, 2.2689280275926285, -1.7453292519943295, 3.9362910656823553, -7.490643211894402
130, -90, 2.2689280275926285, -1.5707963267948966, 2.6407241994148793, -16.510286874736877
130, -80, 2.2689280275926285, -1.3962634015954636, 1.3295605267601953, -10.24854331203045
130, -70, 2.2689280275926285, -1.2217304763960306, -2.43744346525577, -15.402017314194284
130, -60, 2.2689280275926285, -1.0471975511965976, -5.843271808569151, -9.882551196597632
130, -50, 2.2689280275926285, -0.8726646259971648, -5.853637078030229, -15.601268711735628
130, -40, 2.2689280275926285, -0.6981317007977318, -2.3387907706449877, -7.73157105721283
130, -30, 2.2689280275926285, -0.5235987755982988, -7.300948455275738, -2.853887374745921
130, -20, 2.2689280275926285, -0.3490658503988659, 5.0336563351434265, -2.385143812039548
130, -10, 2.2689280275926285, -0.17453292519943295, 10.429949748317087, 4.879857235696792
130, 0, 2.2689280275926285, 0.0, 11.058506634544626, 5.8147325349301395
130, 10, 2.2689280275926285, 0.17453292519943295, 13.778668311191325, 5.071184680470871
130, 20, 2.2689280275926285, 0.3490658503988659, 14.909674299215279, 8.426477145372884
130, 30, 2.2689280275926285, 0.5235987755982988, 15.926704239335045, 5.7376418657638855
130, 40, 2.2689280275926285, 0.6981317007977318, 14.378209229355003, 9.78402814304117
130, 50, 2.2689280275926285, 0.8726646259971648, 8.430500646520672, 6.312875498162769
130, 60, 2.2689280275926285, 1.0471975511965976, -0.08350933351924218, 7.200393511966896
130, 70, 2.2689280275926285, 1.2217304763960306, -2.7905312896070686, 1.4245462563100508
130, 80, 2.2689280275926285, 1.3962634015954636, -8.045361628928422, 1.3592818349845404
130, 90, 2.2689280275926285, 1.5707963267948966, -4.977227896393495, -13.485369811889873
130, 100, 2.2689280275926285, 1.7453292519943295, -6.145493365455371, -8.754899702277251
130, 110, 2.2689280275926285, 1.9198621771937625, -15.00313208801026, -10.619008434980003
130, 120, 2.2689280275926285, 2.0943951023931953, -9.920064223738805, -7.994336728561224
130, 130, 2.2689280275926285, 2.2689280275926285, -14.421176000185904, -9.995541269646994
130, 140, 2.2689280275926285, 2.443460952792061, -11.535611129926435, -7.354618066222227
130, 150, 2.2689280275926285, 2.6179938779914944, -5.881447457271735, -0.7931180164896257
130, 160, 2.2689280275926285, 2.792526803190927, -10.586205940305673, 8.249503789729559
130, 170, 2.2689280275926285, 2.9670597283903604, -9.303553245694893, 14.61784216281544
130, 180, 2.2689280275926285, 3.141592653589793, -12.59094645926774, 19.027899728252745
140, -180, 2.443460952792061, -3.141592653589793, -34.24698732769928, 20.798029168857333
140, -170, 2.443460952792061, -2.9670597283903604, -38.43237854526414, 25.92588699323162
140, -160, 2.443460952792061, -2.792526803190927, -38.90930730210962, 21.01407106056984
140, -150, 2.443460952792061, -2.6179938779914944, -33.37756018199069, 17.407453345830948
140, -140, 2.443460952792061, -2.443460952792061, -27.94295339556353, 17.833496309735192
140, -130, 2.443460952792061, -2.2689280275926285, -24.510358585184296, 2.498459433319644
140, -120, 2.443460952792061, -2.0943951023931953, -21.521765770813033, 5.474550301415512
140, -110, 2.443460952792061, -1.9198621771937625, -21.030278744864937, -3.3317221039421487
140, -100, 2.443460952792061, -1.7453292519943295, -22.93730070095276, -2.587371754808575
140, -90, 2.443460952792061, -1.5707963267948966, -24.923023868975882, -11.271672104277794
140, -80, 2.443460952792061, -1.3962634015954636, -31.39324082071325, -15.468816765124258
140, -70, 2.443460952792061, -1.2217304763960306, -31.54554022191084, -14.314292763296077
140, -60, 2.443460952792061, -1.0471975511965976, -33.62585420829724, -14.467876545899022
140, -50, 2.443460952792061, -0.8726646259971648, -34.6573206610326, -17.418799649859377
140, -40, 2.443460952792061, -0.6981317007977318, -35.627083136082504, -7.267674849627999
140, -30, 2.443460952792061, -0.5235987755982988, -33.78279571093279, -4.247442264965481
140, -20, 2.443460952792061, -0.3490658503988659, -29.28489750733998, 0.6645128745871964
140, -10, 2.443460952792061, -0.17453292519943295, -18.87847834566334, 7.85227639737344
140, 0, 2.443460952792061, 0.0, -21.219410481391883, 10.202632734530937
140, 10, 2.443460952792061, 0.17453292519943295, -18.560975351651365, 7.421518013804205
140, 20, 2.443460952792061, 0.3490658503988659, -14.693938040632576, 5.686018063536555
140, 30, 2.443460952792061, 0.5235987755982988, -19.3887344478182, 4.7029173148656795
140, 40, 2.443460952792061, 0.6981317007977318, -22.035590735243346, 0.6196009973325893
140, 50, 2.443460952792061, 0.8726646259971648, -23.627892132448935, 1.3651309871847281
140, 60, 2.443460952792061, 1.0471975511965976, -23.98586756722022, 1.2864753482942366
140, 70, 2.443460952792061, 1.2217304763960306, -34.97689750733999, 2.415302743335997
140, 80, 2.443460952792061, 1.3962634015954636, -28.370067168018622, -4.6449876260933065
140, 90, 2.443460952792061, 1.5707963267948966, -37.95773383468529, -6.404595360792061
140, 100, 2.443460952792061, 1.7453292519943295, -36.27086357520427, -11.844554392896011
140, 110, 2.443460952792061, 1.9198621771937625, -36.28262405424617, -10.166874702445073
140, 120, 2.443460952792061, 2.0943951023931953, -34.02722285664138, -13.439163075866604
140, 130, 2.443460952792061, 2.2689280275926285, -35.334825651052554, -9.78247939339948
140, 140, 2.443460952792061, 2.443460952792061, -35.472304692968734, -10.504606090174304
140, 150, 2.443460952792061, 2.6179938779914944, -36.53589750733998, -3.2701699126972037
140, 160, 2.443460952792061, 2.792526803190927, -40.86147435364737, 7.716244308691632
140, 170, 2.443460952792061, 2.9670597283903604, -40.8033326370805, 16.99772639435238
140, 180, 2.443460952792061, 3.141592653589793, -43.18757615005455, 19.766347147259697
150, -180, 2.6179938779914944, -3.141592653589793, -57.618277697128335, 22.42705956550074
150, -170, 2.6179938779914944, -2.9670597283903604, -57.89753119014232, 29.414708735388142
150, -160, 2.6179938779914944, -2.792526803190927, -55.250481903075624, 22.316276649392186
150, -150, 2.6179938779914944, -2.6179938779914944, -53.38407072543091, 21.51193637976308
150, -140, 2.6179938779914944, -2.443460952792061, -53.22466891469321, 14.679528245862933
150, -130, 2.6179938779914944, -2.2689280275926285, -44.86495633984291, 18.137998355475325
150, -120, 2.6179938779914944, -2.0943951023931953, -46.68359367952272, 0.7428956107967581
150, -110, 2.6179938779914944, -1.9198621771937625, -41.34852919413432, -5.065025497155719
150, -100, 2.6179938779914944, -1.7453292519943295, -44.38991304080017, -9.610234030257676
150, -90, 2.6179938779914944, -1.5707963267948966, -44.36676733221734, -19.480330786912525
150, -80, 2.6179938779914944, -1.3962634015954636, -38.13218050587003, -16.70243752360729
150, -70, 2.6179938779914944, -1.2217304763960306, -48.03157771145885, -19.913514320182305
150, -60, 2.6179938779914944, -1.0471975511965976, -49.93879128431316, -19.533347603783263
150, -50, 2.6179938779914944, -0.8726646259971648, -48.89780525636903, -14.222863522114867
150, -40, 2.6179938779914944, -0.6981317007977318, -52.56053579529119, -5.070930338649954
150, -30, 2.6179938779914944, -0.5235987755982988, -50.75541403880416, -4.474639869755902
150, -20, 2.6179938779914944, -0.3490658503988659, -46.90114995261737, 11.907375150036302
150, -10, 2.6179938779914944, -0.17453292519943295, -51.4857473721375, 8.48782130755308
150, 0, 2.6179938779914944, 0.0, -46.68942140970319, 12.311516966067865
150, 10, 2.6179938779914944, 0.17453292519943295, -52.179792667188224, 8.641046955919974
150, 20, 2.6179938779914944, 0.3490658503988659, -45.56250723804651, 7.7520719557521245
150, 30, 2.6179938779914944, 0.5235987755982988, -49.96448190307562, 0.6214183128696756
150, 40, 2.6179938779914944, 0.6981317007977318, -50.342972921039696, -0.6058940126474492
150, 50, 2.6179938779914944, 0.8726646259971648, -46.712587691498776, -0.002557635569762548
150, 60, 2.6179938779914944, 1.0471975511965976, -55.50427431824528, -1.310736228552066
150, 70, 2.6179938779914944, 1.2217304763960306, -49.67189645960338, -5.220296059059216
150, 80, 2.6179938779914944, 1.3962634015954636, -49.834690870781024, -3.299320959426636
150, 90, 2.6179938779914944, 1.5707963267948966, -56.69825635417342, -7.910585380752143
150, 100, 2.6179938779914944, 1.7453292519943295, -56.193565122278045, -11.235033434812179
150, 110, 2.6179938779914944, 1.9198621771937625, -48.8377467590046, -17.710118215419126
150, 120, 2.6179938779914944, 2.0943951023931953, -55.84013198854551, -13.648234932154036
150, 130, 2.6179938779914944, 2.2689280275926285, -50.77700025201856, -8.890639074038207
150, 140, 2.6179938779914944, 2.443460952792061, -51.648644962597395, -12.504843615124418
150, 150, 2.6179938779914944, 2.6179938779914944, -51.13272280690878, -2.5518265993239497
150, 160, 2.6179938779914944, 2.792526803190927, -52.55015594064131, 0.9578271430229713
150, 170, 2.6179938779914944, 2.9670597283903604, -55.38687849553153, 11.26453477758591
150, 180, 2.6179938779914944, 3.141592653589793, -53.14544336579104, 18.025285584230723
160, -180, 2.792526803190927, -3.141592653589793, -60.50385748771555, 21.698875319633277
160, -170, 2.792526803190927, -2.9670597283903604, -66.48208165374265, 28.115851065087913
160, -160, 2.792526803190927, -2.792526803190927, -60.28557605058981, 26.322833535619747
160, -150, 2.792526803190927, -2.6179938779914944, -59.43309362979057, 20.572355541439727
160, -140, 2.792526803190927, -2.443460952792061, -62.4979399371758, 13.682242816721223
160, -130, 2.792526803190927, -2.2689280275926285, -57.286612591866415, 12.643189972241798
160, -120, 2.792526803190927, -2.0943951023931953, -58.14657267170674, 3.1274185648885617
160, -110, 2.792526803190927, -1.9198621771937625, -52.82297985733549, 0.8215553411676267
160, -100, 2.792526803190927, -1.7453292519943295, -53.17679822060894, -8.479355786744703
160, -90, 2.792526803190927, -1.5707963267948966, -54.24072836032949, -15.789588271942465
160, -80, 2.792526803190927, -1.3962634015954636, -49.971041733582986, -20.254022353946613
160, -70, 2.792526803190927, -1.2217304763960306, -54.816911993064025, -19.982232883056557
160, -60, 2.792526803190927, -1.0471975511965976, -53.61963255194626, -16.174796705579663
160, -50, 2.792526803190927, -0.8726646259971648, -55.58918544615784, -16.335390468222652
160, -40, 2.792526803190927, -0.6981317007977318, -54.73101378947121, -6.247315568190873
160, -30, 2.792526803190927, -0.5235987755982988, -53.29956069565883, 1.2127333837371128
160, -20, 2.792526803190927, -0.3490658503988659, -57.03179361546005, 6.426979940455462
160, -10, 2.792526803190927, -0.17453292519943295, -59.29191798108797, 8.810909131904378
160, 0, 2.792526803190927, 0.0, -56.9916165838824, 6.515093812375249
160, 10, 2.792526803190927, 0.17453292519943295, -57.69906768168678, 10.35129246490201
160, 20, 2.792526803190927, 0.3490658503988659, -62.701371074900344, 4.106652794075478
160, 30, 2.792526803190927, 0.5235987755982988, -63.59000780144726, 1.7963304885183782
160, 40, 2.792526803190927, 0.6981317007977318, -63.639760296457254, 2.137417364598059
160, 50, 2.792526803190927, 0.8726646259971648, -62.60389141985127, 2.7524124243104766
160, 60, 2.792526803190927, 1.0471975511965976, -56.184668480089975, 1.0082338313281718
160, 70, 2.792526803190927, 1.2217304763960306, -54.84648223821454, -4.306190270636061
160, 80, 2.792526803190927, 1.3962634015954636, -55.878971260170644, -2.0878399215024865
160, 90, 2.792526803190927, 1.5707963267948966, -53.913604607834486, -9.080982586340966
160, 100, 2.792526803190927, 1.7453292519943295, -58.23840301102809, -9.992572356967866
160, 110, 2.792526803190927, 1.9198621771937625, -52.96420279709679, -14.72162520144707
160, 120, 2.792526803190927, 2.0943951023931953, -56.3034389391718, -11.894506389239867
160, 130, 2.792526803190927, 2.2689280275926285, -55.06166049605804, -14.984417517151984
160, 140, 2.792526803190927, 2.443460952792061, -61.05145490723568, -12.294815671012643
160, 150, 2.792526803190927, 2.6179938779914944, -56.84281756755586, -2.3256429665894216
160, 160, 2.792526803190927, 2.792526803190927, -64.03919680907283, 4.007278240827354
160, 170, 2.792526803190927, 2.9670597283903604, -58.693801599492, 7.836516813514048
160, 180, 2.792526803190927, 3.141592653589793, -59.16487145977145, 24.058620587049354
170, -180, 2.9670597283903604, -3.141592653589793, -54.71843896109176, 18.812356670775955
170, -170, 2.9670597283903604, -2.9670597283903604, -61.37566328372815, 23.795052661894292
170, -160, 2.9670597283903604, -2.792526803190927, -57.734637792147986, 27.41138243781535
170, -150, 2.9670597283903604, -2.6179938779914944, -57.389038533229154, 24.113772707108378
170, -140, 2.9670597283903604, -2.443460952792061, -56.53553692209226, 18.458087128098466
170, -130, 2.9670597283903604, -2.2689280275926285, -61.869304615423935, 11.035754842501282
170, -120, 2.9670597283903604, -2.0943951023931953, -53.4304469451237, 1.2959435149883656
170, -110, 2.9670597283903604, -1.9198621771937625, -55.87148379961886, -2.1362171139221924
170, -100, 2.9670597283903604, -1.7453292519943295, -51.27602456117325, -6.226182134050093
170, -90, 2.9670597283903604, -1.5707963267948966, -50.7550710824898, -13.82942859130375
170, -80, 2.9670597283903604, -1.3962634015954636, -54.52896667694173, -19.986092214226055
170, -70, 2.9670597283903604, -1.2217304763960306, -54.38107952304538, -18.332109130561545
170, -60, 2.9670597283903604, -1.0471975511965976, -46.28079839913815, -11.967818661667488
170, -50, 2.9670597283903604, -0.8726646259971648, -47.03092076875809, -12.558272703751594
170, -40, 2.9670597283903604, -0.6981317007977318, -48.788079836263904, -4.247431336653948
170, -30, 2.9670597283903604, -0.5235987755982988, -53.14744832799879, -1.865112923648118
170, -20, 2.9670597283903604, -0.3490658503988659, -55.784402419815144, 3.0553172658047636
170, -10, 2.9670597283903604, -0.17453292519943295, -54.66051496600442, 6.712935080008169
170, 0, 2.9670597283903604, 0.0, -55.177319970354894, 5.2229301397205585
170, 10, 2.9670597283903604, 0.17453292519943295, -62.896973434707846, 5.58404495991199
170, 20, 2.9670597283903604, 0.3490658503988659, -58.98926653466297, 5.4633753489656955
170, 30, 2.9670597283903604, 0.5235987755982988, -63.96522538823747, 1.4544023448058019
170, 40, 2.9670597283903604, 0.6981317007977318, -62.76773958855518, -0.5341275455815815
170, 50, 2.9670597283903604, 0.8726646259971648, -57.571863654268725, 4.858899450258578
170, 60, 2.9670597283903604, 1.0471975511965976, -55.68919944013369, 2.9997867255397477
170, 70, 2.9670597283903604, 1.2217304763960306, -58.740623363568474, 0.8397718052122438
170, 80, 2.9670597283903604, 1.3962634015954636, -53.91340902097201, -6.97004750633283
170, 90, 2.9670597283903604, 1.5707963267948966, -50.931171496021896, -6.35872110929506
170, 100, 2.9670597283903604, 1.7453292519943295, -48.39618623781997, -11.943312875929944
170, 110, 2.9670597283903604, 1.9198621771937625, -48.430075844247945, -10.590725001846273
170, 120, 2.9670597283903604, 2.0943951023931953, -54.17351557913734, -9.413404592832682
170, 130, 2.9670597283903604, 2.2689280275926285, -54.89446567893774, -11.358926499187913
170, 140, 2.9670597283903604, 2.443460952792061, -50.416830178656625, -11.967190920513625
170, 150, 2.9670597283903604, 2.6179938779914944, -53.521816363210014, 1.0469478517738566
170, 160, 2.9670597283903604, 2.792526803190927, -50.43345232001474, 5.190252292723574
170, 170, 2.9670597283903604, 2.9670597283903604, -55.293436508560156, 9.252287272595893
170, 180, 2.9670597283903604, 3.141592653589793, -59.574630421248976, 16.108036696365602
180, -180, 3.141592653589793, -3.141592653589793, -46.476543589264494, 21.608822953597933
180, -170, 3.141592653589793, -2.9670597283903604, -43.13801618663309, 22.65435206309191
180, -160, 3.141592653589793, -2.792526803190927, -45.18618201190502, 25.922584034621735
180, -150, 3.141592653589793, -2.6179938779914944, -51.66508372438185, 27.94957310630998
180, -140, 3.141592653589793, -2.443460952792061, -44.49507638009113, 19.946777746860935
180, -130, 3.141592653589793, -2.2689280275926285, -49.115538814202196, 14.738255840505264
180, -120, 3.141592653589793, -2.0943951023931953, -51.882636305374895, 5.47872395411013
180, -110, 3.141592653589793, -1.9198621771937625, -46.40346083988987, 2.264369712425119
180, -100, 3.141592653589793, -1.7453292519943295, -42.98757522547788, -6.4817070841498925
180, -90, 3.141592653589793, -1.5707963267948966, -47.91204842267521, -11.244797852780792
180, -80, 3.141592653589793, -1.3962634015954636, -41.03171541586456, -20.020006385882745
180, -70, 3.141592653589793, -1.2217304763960306, -43.50059595529992, -16.043735877068528
180, -60, 3.141592653589793, -1.0471975511965976, -42.137867882213506, -14.976589120749328
180, -50, 3.141592653589793, -0.8726646259971648, -40.7378576022592, -13.861723801555986
180, -40, 3.141592653589793, -0.6981317007977318, -42.26537409849928, -8.816980238849556
180, -30, 3.141592653589793, -0.5235987755982988, -44.660189069585535, -3.5931708078796567
180, -20, 3.141592653589793, -0.3490658503988659, -48.54342735097368, 0.7701396210941849
180, -10, 3.141592653589793, -0.17453292519943295, -46.40174581250796, 0.6349470560560748
180, 0, 3.141592653589793, 0.0, -52.21943225603692, 2.1360618762475045
180, 10, 3.141592653589793, 0.17453292519943295, -52.856231115754184, 0.4519092313690758
180, 20, 3.141592653589793, 0.3490658503988659, -49.628729517921414, 0.02382045874613497
180, 30, 3.141592653589793, 0.5235987755982988, -54.96181932497655, 2.623795558378655
180, 40, 3.141592653589793, 0.6981317007977318, -52.416942620947886, 0.7038245502268023
180, 50, 3.141592653589793, 0.8726646259971648, -47.208600860363156, 3.167166915328438
180, 60, 3.141592653589793, 1.0471975511965976, -43.59257107685264, 2.483297703583663
180, 70, 3.141592653589793, 1.2217304763960306, -48.88668667540231, 2.534442463894879
180, 80, 3.141592653589793, 1.3962634015954636, -42.133957389354265, -2.592428743857773
180, 90, 3.141592653589793, 1.5707963267948966, -42.080504295541864, -1.6459965583968545
180, 100, 3.141592653589793, 1.7453292519943295, -41.95590748915466, -9.60854640886408
180, 110, 3.141592653589793, 1.9198621771937625, -44.59292146121055, -10.85814216751494
180, 120, 3.141592653589793, 2.0943951023931953, -37.45091212091183, -13.870819762493355
180, 130, 3.141592653589793, 2.2689280275926285, -43.61374487285238, -14.79540554110406
180, 140, 3.141592653589793, 2.443460952792061, -45.182529773817905, -7.479731838677307
180, 150, 3.141592653589793, 2.6179938779914944, -41.028575238782025, -8.614770711100405
180, 160, 3.141592653589793, 2.792526803190927, -43.35486618611992, 1.5146894184720847
180, 170, 3.141592653589793, 2.9670597283903604, -39.35937164596767, 11.753963919302485
180, 180, 3.141592653589793, 3.141592653589793, -45.2256206638337, 13.337273934705483
